sha256	bytes	archive_path
80aff9282dbb9efca0bbcb4b01b1605a186a33eaaeafa8b0b3c9631c3e656f16	3462	2026-10-04-candidate/affected-shared-ui.log
75ee47a6cfeb34f4e2e59cf17322e20301401130f034d92d3b1b63471899d754	779	2026-10-04-candidate/frozen-install-before-git.log
1c3dc0946c9d2f161c09e7ae282d187a29002add48455479711c931031aa80cf	105	2026-10-04-candidate/frozen-install-husky.log
e3b0c44298fc1c149afbf4c8996fb92427ae41e4649b934ca495991b7852b855	0	2026-10-04-candidate/git-baseline-add.log
6e3250a523bffd5d91f99cb2724fed2cd6f7a6c841b79a4ad96607dbf115e50f	3529	2026-10-04-candidate/git-baseline-commit.log
148c83b5a742771d2f7fc075fd2475b77c6f1b7639a263940177c863804633eb	71	2026-10-04-candidate/git-init.log
e3b0c44298fc1c149afbf4c8996fb92427ae41e4649b934ca495991b7852b855	0	2026-10-04-candidate/git-local-email.log
e3b0c44298fc1c149afbf4c8996fb92427ae41e4649b934ca495991b7852b855	0	2026-10-04-candidate/git-local-name.log
e3b0c44298fc1c149afbf4c8996fb92427ae41e4649b934ca495991b7852b855	0	2026-10-04-candidate/git-local-no-signing.log
6badc70e7ab6707b8126920f5881cf95e44ca73c2969738e5bf972018555005b	9	2026-10-04-candidate/installed-hooks.log
e3b0c44298fc1c149afbf4c8996fb92427ae41e4649b934ca495991b7852b855	0	2026-10-04-candidate/partial-stage-add.log
44c931d586a8cf863ab1736129f14f2a3252c729caa3df6569ff3c7cf2f06825	695	2026-10-04-candidate/partial-stage-commit.log
358d9c97e89e4d101547a0f197f660b567ea2872d5d0dcde44af15a0d27f6ff3	701	2026-10-04-candidate/partial-stage-committed-source.log
d707ba5e90de2c944f1c1eb859c8ff61b5c58568fb293a5760e3eb62789a2991	908	2026-10-04-candidate/partial-stage-remaining-invalid-feedback.log
e3b0c44298fc1c149afbf4c8996fb92427ae41e4649b934ca495991b7852b855	0	2026-10-04-candidate/partial-stage-restore.log
ae5c2a26ec276f6f95abc66b3460fdccea63f9b80883addac230f4d579706430	419	2026-10-04-candidate/partial-stage-unstaged-diff.log
7e816954cf059b2eb78168358902c1417687355f7949f85dbc1182232764816f	65	2026-10-04-candidate/post-scaffold-source-fingerprint.log
70a78002f9ed4731f1ffea759bc1c1af88e42cbee657264aa4394e8ae9d6dfb4	908	2026-10-04-candidate/quick-floating-promise.log
acc6f1ac2ef4cb8862d1559f220b8b4bd9afa236350ada078ee343eef9d5b4b8	667	2026-10-04-candidate/quick-valid-first.log
0020da35a26c1bc2ee5c7d4dcd6ac349e718411407f4551d5e31168321f3897f	184	2026-10-04-candidate/quick-valid-repeat.log
5a94f57ceb15e2549d05dabb549e10bd5361f9238e281e60611b5dbcd1209b88	17978	2026-10-04-candidate/report.json
d506f61daf0b88ac62ed4da51aa9bc1b7a25bc7eee54fd57d89acc81a5a6c86c	157	2026-10-04-candidate/scaffold.log
e3b0c44298fc1c149afbf4c8996fb92427ae41e4649b934ca495991b7852b855	0	2026-10-04-candidate/staged-failure-add.log
892c76f006d2f4dc5bf90a60273f0da6eb9160f4d8795cfb2aebc3852ffd48ef	41	2026-10-04-candidate/staged-failure-head-after.log
892c76f006d2f4dc5bf90a60273f0da6eb9160f4d8795cfb2aebc3852ffd48ef	41	2026-10-04-candidate/staged-failure-head-before.log
c49a45d4202e2a7b44bbfc58bcb7d2a12da9f29991b42e62395b058d984fe527	417	2026-10-04-candidate/staged-failure-retained-diff.log
10869d447a354f9df480b926628efc5ed3a6da0de84847a70d49198ab0417f81	840	2026-10-04-candidate/staged-floating-commit-rejected.log
9f2a214fce59ec7cf38a675b5e8dfc11ff14274ad6dfa75d110b348593f47439	24124	2026-10-04-candidate/turbo-populate-summary.json
03da3c500f3b4ec0a94b4adb4b764debdcf3d784211b78557a376c01b36ed12d	1160	2026-10-04-candidate/turbo-populate-tasks.json
06559a1e0602fadc5167ed62eb713794230a2c0cc2bb97c5c2b27495cac75fca	1696	2026-10-04-candidate/turbo-populate.log
4b67fd8e220e1fd99802950a8a78f9474cec7b2b4171a93781005a3913da9b24	24124	2026-10-04-candidate/turbo-shared-config-change-summary.json
6eaaa52655db63a09c0072c0873ba123a3116eb28c806de1618ea47d4514fbd8	1160	2026-10-04-candidate/turbo-shared-config-change-tasks.json
bd6dbac79643e54c9c20a705982ff77e33fbf77688aefb0fce1a875a6789f381	1696	2026-10-04-candidate/turbo-shared-config-change.log
1c0e5605393c707582c933303c6edfccd90142ce27777772331d6aef3f72a569	26057	2026-10-04-candidate/turbo-warm-repeat-summary.json
35b01e417b7fec37c1cb0ba5b7778b1f00d11d376e3bf821f1629efdae373b3b	1149	2026-10-04-candidate/turbo-warm-repeat-tasks.json
a091f52acce568c5263d48d09ab05db5258e773e5685a651feba50a575e6cc6b	1754	2026-10-04-candidate/turbo-warm-repeat.log
acbdb8beb2343fbf16c5c4081260e832eeb6ed1d190fc4c0fa1549cc85d16d7d	1022	2026-10-04-diagnostic/affected-shared-ui.log
005a937bec3dabd5d67de7eb86621150a144a4f9215c7e035d8a899ce36c12c7	779	2026-10-04-diagnostic/frozen-install-before-git.log
2f71ba1f2917088aebe7355fb4ee5a75c4cd578dd8a306f3c9877f0dbef5d2b1	105	2026-10-04-diagnostic/frozen-install-husky.log
e3b0c44298fc1c149afbf4c8996fb92427ae41e4649b934ca495991b7852b855	0	2026-10-04-diagnostic/git-baseline-add.log
2a6515ce5f496811e865082a6988d6d56a93dd8afdfb33b425838909eb71652b	3488	2026-10-04-diagnostic/git-baseline-commit.log
148c83b5a742771d2f7fc075fd2475b77c6f1b7639a263940177c863804633eb	71	2026-10-04-diagnostic/git-init.log
e3b0c44298fc1c149afbf4c8996fb92427ae41e4649b934ca495991b7852b855	0	2026-10-04-diagnostic/git-local-email.log
e3b0c44298fc1c149afbf4c8996fb92427ae41e4649b934ca495991b7852b855	0	2026-10-04-diagnostic/git-local-name.log
e3b0c44298fc1c149afbf4c8996fb92427ae41e4649b934ca495991b7852b855	0	2026-10-04-diagnostic/git-local-no-signing.log
6badc70e7ab6707b8126920f5881cf95e44ca73c2969738e5bf972018555005b	9	2026-10-04-diagnostic/installed-hooks.log
e3b0c44298fc1c149afbf4c8996fb92427ae41e4649b934ca495991b7852b855	0	2026-10-04-diagnostic/partial-stage-add.log
4035c470c4c4ecec333a6a87b612f50e19a6f32a94063ce35aa1fcbcc78c8962	695	2026-10-04-diagnostic/partial-stage-commit.log
358d9c97e89e4d101547a0f197f660b567ea2872d5d0dcde44af15a0d27f6ff3	701	2026-10-04-diagnostic/partial-stage-committed-source.log
d707ba5e90de2c944f1c1eb859c8ff61b5c58568fb293a5760e3eb62789a2991	908	2026-10-04-diagnostic/partial-stage-remaining-invalid-feedback.log
e3b0c44298fc1c149afbf4c8996fb92427ae41e4649b934ca495991b7852b855	0	2026-10-04-diagnostic/partial-stage-restore.log
ae5c2a26ec276f6f95abc66b3460fdccea63f9b80883addac230f4d579706430	419	2026-10-04-diagnostic/partial-stage-unstaged-diff.log
70a78002f9ed4731f1ffea759bc1c1af88e42cbee657264aa4394e8ae9d6dfb4	908	2026-10-04-diagnostic/quick-floating-promise.log
99ca9ffcabaff6bdda70ae3ea17193239b59c64a881845daf3356e93346dd850	667	2026-10-04-diagnostic/quick-valid-first.log
df75c650930500b9db6e3c412582daae0313706b34694cc3526eb4964be6e9a7	184	2026-10-04-diagnostic/quick-valid-repeat.log
576eaf3290c7a4d3cb6f3cd9ad56eb15ad699007a6f75fe125d1cb3071b9c0de	11632	2026-10-04-diagnostic/report.json
d506f61daf0b88ac62ed4da51aa9bc1b7a25bc7eee54fd57d89acc81a5a6c86c	157	2026-10-04-diagnostic/scaffold.log
e3b0c44298fc1c149afbf4c8996fb92427ae41e4649b934ca495991b7852b855	0	2026-10-04-diagnostic/staged-failure-add.log
a4a8b130db94449734eb3476822492af0b6f6d802296ae70cb3c6a892d7dfbf2	41	2026-10-04-diagnostic/staged-failure-head-after.log
a4a8b130db94449734eb3476822492af0b6f6d802296ae70cb3c6a892d7dfbf2	41	2026-10-04-diagnostic/staged-failure-head-before.log
c49a45d4202e2a7b44bbfc58bcb7d2a12da9f29991b42e62395b058d984fe527	417	2026-10-04-diagnostic/staged-failure-retained-diff.log
5aba11db3960b8c23845bf3278a62b00fa647a3c945545fb9cef738324a05db4	840	2026-10-04-diagnostic/staged-floating-commit-rejected.log
2d465802cad4cb8a9123ee6801fd48ffa061b2003e91dd7876cbe3c6b85aa949	2451	2026-10-04-diagnostic/turbo-populate.log
12b715aedc8530fb20235cf49eb116ef3f7afe71d54522f0934768ed51c49564	983	2026-10-04-original-cache/affected-shared-ui.log
9495e47c1224fbef148bfdd612d1f2186dab72314edc5679895f34946bbeb281	779	2026-10-04-original-cache/frozen-install-before-git.log
ea1603fedcc170744b3157c01afb96b5f29a618980d2fd28108f3367d609ed3e	105	2026-10-04-original-cache/frozen-install-husky.log
e3b0c44298fc1c149afbf4c8996fb92427ae41e4649b934ca495991b7852b855	0	2026-10-04-original-cache/git-baseline-add.log
643e3a505311cc325fd0fc5385272cb70375a6fdbe7a27f6c133e0cb96349fe3	3529	2026-10-04-original-cache/git-baseline-commit.log
148c83b5a742771d2f7fc075fd2475b77c6f1b7639a263940177c863804633eb	71	2026-10-04-original-cache/git-init.log
e3b0c44298fc1c149afbf4c8996fb92427ae41e4649b934ca495991b7852b855	0	2026-10-04-original-cache/git-local-email.log
e3b0c44298fc1c149afbf4c8996fb92427ae41e4649b934ca495991b7852b855	0	2026-10-04-original-cache/git-local-name.log
e3b0c44298fc1c149afbf4c8996fb92427ae41e4649b934ca495991b7852b855	0	2026-10-04-original-cache/git-local-no-signing.log
6badc70e7ab6707b8126920f5881cf95e44ca73c2969738e5bf972018555005b	9	2026-10-04-original-cache/installed-hooks.log
e3b0c44298fc1c149afbf4c8996fb92427ae41e4649b934ca495991b7852b855	0	2026-10-04-original-cache/partial-stage-add.log
2652d65261ba656002d39d5394a2841c7e9ddc2e6ff23d087475743f7e549107	695	2026-10-04-original-cache/partial-stage-commit.log
358d9c97e89e4d101547a0f197f660b567ea2872d5d0dcde44af15a0d27f6ff3	701	2026-10-04-original-cache/partial-stage-committed-source.log
d707ba5e90de2c944f1c1eb859c8ff61b5c58568fb293a5760e3eb62789a2991	908	2026-10-04-original-cache/partial-stage-remaining-invalid-feedback.log
e3b0c44298fc1c149afbf4c8996fb92427ae41e4649b934ca495991b7852b855	0	2026-10-04-original-cache/partial-stage-restore.log
ae5c2a26ec276f6f95abc66b3460fdccea63f9b80883addac230f4d579706430	419	2026-10-04-original-cache/partial-stage-unstaged-diff.log
7850763e3787fce22034dff44d3f7f78a70aff6eb9c15b1e2312ba772baccc25	65	2026-10-04-original-cache/post-scaffold-source-fingerprint.log
70a78002f9ed4731f1ffea759bc1c1af88e42cbee657264aa4394e8ae9d6dfb4	908	2026-10-04-original-cache/quick-floating-promise.log
8776b6d1ab56ffcd05786868bafb071dfbfe8ccb858fa425d0cbafc0a549b09c	667	2026-10-04-original-cache/quick-valid-first.log
0020da35a26c1bc2ee5c7d4dcd6ac349e718411407f4551d5e31168321f3897f	184	2026-10-04-original-cache/quick-valid-repeat.log
ca0cbcc2b6f05c9900e8c30178525456a75501cd379b434ab269d451636b0b46	12330	2026-10-04-original-cache/report.json
d506f61daf0b88ac62ed4da51aa9bc1b7a25bc7eee54fd57d89acc81a5a6c86c	157	2026-10-04-original-cache/scaffold.log
e3b0c44298fc1c149afbf4c8996fb92427ae41e4649b934ca495991b7852b855	0	2026-10-04-original-cache/staged-failure-add.log
0e86e96d4126646764c1088e28f946e0109b57957d565502e784d0919a14ce64	41	2026-10-04-original-cache/staged-failure-head-after.log
0e86e96d4126646764c1088e28f946e0109b57957d565502e784d0919a14ce64	41	2026-10-04-original-cache/staged-failure-head-before.log
c49a45d4202e2a7b44bbfc58bcb7d2a12da9f29991b42e62395b058d984fe527	417	2026-10-04-original-cache/staged-failure-retained-diff.log
754294e9932f95b445130e052d1c18de071f20bdd15ae65af45e4a6eaccfb86c	840	2026-10-04-original-cache/staged-floating-commit-rejected.log
8fba80a8d9a02e944610a71a0121b3957100cb84e55e48f80dcaa4618ef46e27	24124	2026-10-04-original-cache/turbo-populate-summary.json
03da3c500f3b4ec0a94b4adb4b764debdcf3d784211b78557a376c01b36ed12d	1160	2026-10-04-original-cache/turbo-populate-tasks.json
c8c47620e239255f69d1dbd70f6a40c056c157d53f04e54b14371f92b6925379	1696	2026-10-04-original-cache/turbo-populate.log
d30a48344b01cf9fce7bad772b052ec9f9ed499d682662ef9f98e1f741ceac97	24215	2026-10-04-original-cache/turbo-warm-repeat-summary.json
59f1e47e0984d86e8a0662e493372db6846682d27028925d04342b2f4745a6c3	1160	2026-10-04-original-cache/turbo-warm-repeat-tasks.json
1de4b09e88811f9cd5bd268807c87e81739e1533b135e029d76721965f0ffcf1	1696	2026-10-04-original-cache/turbo-warm-repeat.log
bbdd2f71da62fcad1bed7360d01fa84d5d46aa0997c7fb78fb756090e3f28663	2190	2026-10-04/affected-shared-ui.log
75ee47a6cfeb34f4e2e59cf17322e20301401130f034d92d3b1b63471899d754	779	2026-10-04/frozen-install-before-git.log
f97ec6873c44742888b7469ee4f1b4c37040f5da0514718e921b346fc6962255	105	2026-10-04/frozen-install-husky.log
e3b0c44298fc1c149afbf4c8996fb92427ae41e4649b934ca495991b7852b855	0	2026-10-04/git-baseline-add.log
e0dae9569e2f43315622bbbd3d1e4afcf781a1ee118212ed386c9ab3f0b9ad55	3488	2026-10-04/git-baseline-commit.log
148c83b5a742771d2f7fc075fd2475b77c6f1b7639a263940177c863804633eb	71	2026-10-04/git-init.log
e3b0c44298fc1c149afbf4c8996fb92427ae41e4649b934ca495991b7852b855	0	2026-10-04/git-local-email.log
e3b0c44298fc1c149afbf4c8996fb92427ae41e4649b934ca495991b7852b855	0	2026-10-04/git-local-name.log
e3b0c44298fc1c149afbf4c8996fb92427ae41e4649b934ca495991b7852b855	0	2026-10-04/git-local-no-signing.log
6badc70e7ab6707b8126920f5881cf95e44ca73c2969738e5bf972018555005b	9	2026-10-04/installed-hooks.log
e3b0c44298fc1c149afbf4c8996fb92427ae41e4649b934ca495991b7852b855	0	2026-10-04/partial-stage-add.log
588699b414084339ac7b82bb3dded40d2ee2f51478148dfba73dbc95b59d0b0d	695	2026-10-04/partial-stage-commit.log
358d9c97e89e4d101547a0f197f660b567ea2872d5d0dcde44af15a0d27f6ff3	701	2026-10-04/partial-stage-committed-source.log
d707ba5e90de2c944f1c1eb859c8ff61b5c58568fb293a5760e3eb62789a2991	908	2026-10-04/partial-stage-remaining-invalid-feedback.log
e3b0c44298fc1c149afbf4c8996fb92427ae41e4649b934ca495991b7852b855	0	2026-10-04/partial-stage-restore.log
ae5c2a26ec276f6f95abc66b3460fdccea63f9b80883addac230f4d579706430	419	2026-10-04/partial-stage-unstaged-diff.log
70a78002f9ed4731f1ffea759bc1c1af88e42cbee657264aa4394e8ae9d6dfb4	908	2026-10-04/quick-floating-promise.log
053c6dbc35263bb15ecdd7ecb9f53c9b08285ee4064084f7eae19ffbcf844b13	667	2026-10-04/quick-valid-first.log
872df7f17b7324ce5efa3bdc22796fbd70c53b364c748928c2c6d0a8389a2ca6	184	2026-10-04/quick-valid-repeat.log
ee429c639eaf8b5672037689bddb1847e965f1d3992c4f8b235af84e2cd35a27	11916	2026-10-04/report.json
d506f61daf0b88ac62ed4da51aa9bc1b7a25bc7eee54fd57d89acc81a5a6c86c	157	2026-10-04/scaffold.log
e3b0c44298fc1c149afbf4c8996fb92427ae41e4649b934ca495991b7852b855	0	2026-10-04/staged-failure-add.log
bdff18c4f4d8c6b73b3f156b5ab1d9997ee3031a9be9f132c84c1dfa9dc5adc8	41	2026-10-04/staged-failure-head-after.log
bdff18c4f4d8c6b73b3f156b5ab1d9997ee3031a9be9f132c84c1dfa9dc5adc8	41	2026-10-04/staged-failure-head-before.log
c49a45d4202e2a7b44bbfc58bcb7d2a12da9f29991b42e62395b058d984fe527	417	2026-10-04/staged-failure-retained-diff.log
a69c2c94c355e795899430a401b86831d015d3e6a9d5ef65b1dca6749cada98f	840	2026-10-04/staged-floating-commit-rejected.log
e9ad91bbbe44a81c003f8feea43b8f9d86d90d303fcdbe9daea17212595cbbc9	1160	2026-10-04/turbo-populate-tasks.json
c5aece9cc384024ba926046038d473b79d39173db4eb4b3799aadef4c1625b50	1696	2026-10-04/turbo-populate.log
c1d9d5e1541eebfdce856ad781433785188fbc42db94b2491d0f16ae2d6bb7bf	1160	2026-10-04/turbo-warm-repeat-tasks.json
4cbad5e71b59a0d8a0d0d65d66d734bf0e54af3ae2a106ded05d5968dfa3d193	1696	2026-10-04/turbo-warm-repeat.log
