archivePath	sourcePath	originalBytes	originalSha256	retainedBytes	retainedSha256	transformed	transformations
delivery-baa7472/candidate.json	examples/foundation/.proof/delivery-baa7472/candidate.json	6982	ea0c4e0db62b2f9b09dfc16e2dd9db8fc222fa39b6e444d65c54c851aa2f29d8	6981	f5ca8488c8d555712ee3fcd6c0664fdead1246a5ad59d6cc779a9b927f7f04ac	true	[{"kind":"personal-user-prefix","count":1}]
delivery-baa7472/interventions.json	examples/foundation/.proof/delivery-baa7472/interventions.json	5933	1c455be5ec1b9a3dc9512aa4f8e9139b16a6647039065cbacaa139f1b152af4c	5753	663cb93455210589cee56f60b7f96cb34a161a62b332716a67ff8d5a609996b7	true	[{"kind":"randomized-macos-temp-prefix","count":4}]
delivery-baa7472/report.json	examples/foundation/.proof/delivery-baa7472/report.json	32050	bf4c61b3febe7ca9603411d3b8f1f414056712a5bc7a89f31a3ee1e32b4b2c88	31684	b90b65a64b78d00223bb765ee42a92ad79c26ea8872f35764980b784265072a1	true	[{"kind":"personal-user-prefix","count":1},{"kind":"randomized-macos-temp-prefix","count":9}]
delivery-baa7472/round-1-creation/acceptance/command.log	examples/foundation/.proof/delivery-baa7472/round-1-creation/acceptance/command.log	3152	258aa5fa494d7f179298f680a5d6a8ac6bdbbe40114164db6b969bdc87e022b5	3152	258aa5fa494d7f179298f680a5d6a8ac6bdbbe40114164db6b969bdc87e022b5	false	[]
delivery-baa7472/round-1-creation/acceptance/mcp-app-host.png	examples/foundation/.proof/delivery-baa7472/round-1-creation/acceptance/mcp-app-host.png	38277	b58fd9e29167e37cfd050743435349b9068a4ff5cc65b80c0dfe248c447142a4	38277	b58fd9e29167e37cfd050743435349b9068a4ff5cc65b80c0dfe248c447142a4	false	[]
delivery-baa7472/round-1-creation/acceptance/mcp-host-observations.json	examples/foundation/.proof/delivery-baa7472/round-1-creation/acceptance/mcp-host-observations.json	1412	64ffd8490283fb76b7d8ddbbed5784740dbff6e6c6000f55734e2a2857b4ff39	1412	64ffd8490283fb76b7d8ddbbed5784740dbff6e6c6000f55734e2a2857b4ff39	false	[]
delivery-baa7472/round-1-creation/acceptance/report.json	examples/foundation/.proof/delivery-baa7472/round-1-creation/acceptance/report.json	3152	258aa5fa494d7f179298f680a5d6a8ac6bdbbe40114164db6b969bdc87e022b5	3152	258aa5fa494d7f179298f680a5d6a8ac6bdbbe40114164db6b969bdc87e022b5	false	[]
delivery-baa7472/round-1-creation/acceptance/runtime.log	examples/foundation/.proof/delivery-baa7472/round-1-creation/acceptance/runtime.log	1884	8d8e5589091dde74f4d870c23f7bb0882fdad22edeecc8e7d25031e14e89ce94	1884	8d8e5589091dde74f4d870c23f7bb0882fdad22edeecc8e7d25031e14e89ce94	false	[]
delivery-baa7472/round-1-creation/acceptance/web-persisted.png	examples/foundation/.proof/delivery-baa7472/round-1-creation/acceptance/web-persisted.png	30671	d734b245926cf429c8e539d3639add1ae22a1bb8640a135f79b588ddbf334687	30671	d734b245926cf429c8e539d3639add1ae22a1bb8640a135f79b588ddbf334687	false	[]
delivery-baa7472/round-1-creation/acceptance.json	examples/foundation/.proof/delivery-baa7472/round-1-creation/acceptance.json	3852	1c176e60cc86ad469a62214a33a1c2b31956076a0eb56524b329303945486051	3777	dc2b55daa380dd0fe926caae8aca20a74bfc1704df8895d19de27a5297558428	true	[{"kind":"personal-user-prefix","count":1},{"kind":"randomized-macos-temp-prefix","count":2}]
delivery-baa7472/round-1-creation/change.diff	examples/foundation/.proof/delivery-baa7472/round-1-creation/change.diff	505016	9be02528aa0c2ea6d3bdf654b037d80d1d69aa47e98ff4d0345d59745acf92bf	504243	6566d770bb311a0447271806a34f0bfdc1a4a863c9d2fd770c922ec8a997f9fc	true	[{"kind":"personal-user-prefix","count":8},{"kind":"randomized-macos-temp-prefix","count":17}]
delivery-baa7472/round-1-creation/delivered/.astack/feature-map/work-items/README.md	examples/foundation/.proof/delivery-baa7472/round-1-creation/delivered/.astack/feature-map/work-items/README.md	383	f22f22985ef1a9782e4c6a9a074bd90328e7cde7644dfa3719c926410782bed5	383	f22f22985ef1a9782e4c6a9a074bd90328e7cde7644dfa3719c926410782bed5	false	[]
delivery-baa7472/round-1-creation/delivered/.astack/feature-map/work-items/work-items.md	examples/foundation/.proof/delivery-baa7472/round-1-creation/delivered/.astack/feature-map/work-items/work-items.md	1585	1237b3d9de248d4bb51b65d4a835069df66917674cde003d8f75eacf8b70b900	1585	1237b3d9de248d4bb51b65d4a835069df66917674cde003d8f75eacf8b70b900	false	[]
delivery-baa7472/round-1-creation/delivered/.astack/foundation-setup/behavior-contract.md	examples/foundation/.proof/delivery-baa7472/round-1-creation/delivered/.astack/foundation-setup/behavior-contract.md	3171	4e3f087e66e5eeaa3696224c5b5bc9cf06faf5d687ddec40e1ae0fd73af78c93	3171	4e3f087e66e5eeaa3696224c5b5bc9cf06faf5d687ddec40e1ae0fd73af78c93	false	[]
delivery-baa7472/round-1-creation/delivered/.astack/project.md	examples/foundation/.proof/delivery-baa7472/round-1-creation/delivered/.astack/project.md	4795	36db4f88c005788dcf53f35e5cef69a59f55ad3fc36cffd84ae290424cd99f0f	4795	36db4f88c005788dcf53f35e5cef69a59f55ad3fc36cffd84ae290424cd99f0f	false	[]
delivery-baa7472/round-1-creation/delivered/.astack/scaffold.json	examples/foundation/.proof/delivery-baa7472/round-1-creation/delivered/.astack/scaffold.json	274	a2084f6215491e338360af455acbf5500b1a5a2c3cd6f6713c50d3f90e8c96e1	274	a2084f6215491e338360af455acbf5500b1a5a2c3cd6f6713c50d3f90e8c96e1	false	[]
delivery-baa7472/round-1-creation/delivered/.codex/skills/astack-work-items/SKILL.md	examples/foundation/.proof/delivery-baa7472/round-1-creation/delivered/.codex/skills/astack-work-items/SKILL.md	1491	6733c16d701f8166fa5c4b995b2d78a6d57e038b3f6a2bca99e34bdeb2d77013	1491	6733c16d701f8166fa5c4b995b2d78a6d57e038b3f6a2bca99e34bdeb2d77013	false	[]
delivery-baa7472/round-1-creation/delivered/.codex/skills/astack-work-items/control.ts	examples/foundation/.proof/delivery-baa7472/round-1-creation/delivered/.codex/skills/astack-work-items/control.ts	1271	78daca53062dfb26bc78cfaf8bb8d70b2b2af2fa266484cc3c4e190591f0fcce	1271	78daca53062dfb26bc78cfaf8bb8d70b2b2af2fa266484cc3c4e190591f0fcce	false	[]
delivery-baa7472/round-1-creation/delivered/.gitignore	examples/foundation/.proof/delivery-baa7472/round-1-creation/delivered/.gitignore	133	d7cfccfef537709ee2dd5dc14c0406dc2bd50fee52c785f481010b2689a9db7b	133	d7cfccfef537709ee2dd5dc14c0406dc2bd50fee52c785f481010b2689a9db7b	false	[]
delivery-baa7472/round-1-creation/delivered/.husky/pre-commit	examples/foundation/.proof/delivery-baa7472/round-1-creation/delivered/.husky/pre-commit	68	0506e474aa323132f2688f25c083faf49e2be5e486f6de3c215a4f5565f49290	68	0506e474aa323132f2688f25c083faf49e2be5e486f6de3c215a4f5565f49290	false	[]
delivery-baa7472/round-1-creation/delivered/.prettierignore	examples/foundation/.proof/delivery-baa7472/round-1-creation/delivered/.prettierignore	101	077f2966b94e14c1bf40a136c4a9fecfb41e793e32d18d07413873994263d7ad	101	077f2966b94e14c1bf40a136c4a9fecfb41e793e32d18d07413873994263d7ad	false	[]
delivery-baa7472/round-1-creation/delivered/.prettierrc.json	examples/foundation/.proof/delivery-baa7472/round-1-creation/delivered/.prettierrc.json	48	32dcd743a0ffca59a737c87abcfcc3f57a0cede5cedb6a8b1b68d32a3b6d4506	48	32dcd743a0ffca59a737c87abcfcc3f57a0cede5cedb6a8b1b68d32a3b6d4506	false	[]
delivery-baa7472/round-1-creation/delivered/.proof/enforcement/report.json	examples/foundation/.proof/delivery-baa7472/round-1-creation/delivered/.proof/enforcement/report.json	2796	6a3c0a4e71d115971531bb9eeaf5e7e051e8c43dcea02874d2240f65757d41fd	2796	6a3c0a4e71d115971531bb9eeaf5e7e051e8c43dcea02874d2240f65757d41fd	false	[]
delivery-baa7472/round-1-creation/delivered/AGENTS.md	examples/foundation/.proof/delivery-baa7472/round-1-creation/delivered/AGENTS.md	2519	ed831655468afe0cbf418340cbd11472a60bfc6174706b9db20b93839c2f3a50	2519	ed831655468afe0cbf418340cbd11472a60bfc6174706b9db20b93839c2f3a50	false	[]
delivery-baa7472/round-1-creation/delivered/README.md	examples/foundation/.proof/delivery-baa7472/round-1-creation/delivered/README.md	7630	3ad05964ff2197e383e09bebaca42ebc263d36723e7b53da2667142db2a4a7e0	7630	3ad05964ff2197e383e09bebaca42ebc263d36723e7b53da2667142db2a4a7e0	false	[]
delivery-baa7472/round-1-creation/delivered/apps/mcp-ui/index.html	examples/foundation/.proof/delivery-baa7472/round-1-creation/delivered/apps/mcp-ui/index.html	295	94fe15c034fde9461e7c54c4bbb6e13eceb9bc5ba6305cafa4a7ef146aa4a82e	295	94fe15c034fde9461e7c54c4bbb6e13eceb9bc5ba6305cafa4a7ef146aa4a82e	false	[]
delivery-baa7472/round-1-creation/delivered/apps/mcp-ui/package.json	examples/foundation/.proof/delivery-baa7472/round-1-creation/delivered/apps/mcp-ui/package.json	446	ad665bb56b8ee65c856b1bdcd6c88c8f33cd36f2df2c40e7e12872a9592f5f06	446	ad665bb56b8ee65c856b1bdcd6c88c8f33cd36f2df2c40e7e12872a9592f5f06	false	[]
delivery-baa7472/round-1-creation/delivered/apps/mcp-ui/src/main.tsx	examples/foundation/.proof/delivery-baa7472/round-1-creation/delivered/apps/mcp-ui/src/main.tsx	5593	97dd3c35aa605b8983daf0acf06ebe30dcd6aa05a5eabc1e04688b37cc64c37d	5593	97dd3c35aa605b8983daf0acf06ebe30dcd6aa05a5eabc1e04688b37cc64c37d	false	[]
delivery-baa7472/round-1-creation/delivered/apps/mcp-ui/tsconfig.json	examples/foundation/.proof/delivery-baa7472/round-1-creation/delivered/apps/mcp-ui/tsconfig.json	167	5e0bda48b8b922b60fd2156cd7b2ae77be6501767a0addb9daf2d2b7d6354e25	167	5e0bda48b8b922b60fd2156cd7b2ae77be6501767a0addb9daf2d2b7d6354e25	false	[]
delivery-baa7472/round-1-creation/delivered/apps/mcp-ui/vite.config.ts	examples/foundation/.proof/delivery-baa7472/round-1-creation/delivered/apps/mcp-ui/vite.config.ts	264	2a55d4c288492c76c16e4093db62b199cd65e5849db0ba2d465127b0d9c694e1	264	2a55d4c288492c76c16e4093db62b199cd65e5849db0ba2d465127b0d9c694e1	false	[]
delivery-baa7472/round-1-creation/delivered/apps/web/.env.example	examples/foundation/.proof/delivery-baa7472/round-1-creation/delivered/apps/web/.env.example	275	b0a0ce4f487271efc054bfed28174b7ca284096bb0b551aacc84d2b128720096	275	b0a0ce4f487271efc054bfed28174b7ca284096bb0b551aacc84d2b128720096	false	[]
delivery-baa7472/round-1-creation/delivered/apps/web/index.html	examples/foundation/.proof/delivery-baa7472/round-1-creation/delivered/apps/web/index.html	295	94fe15c034fde9461e7c54c4bbb6e13eceb9bc5ba6305cafa4a7ef146aa4a82e	295	94fe15c034fde9461e7c54c4bbb6e13eceb9bc5ba6305cafa4a7ef146aa4a82e	false	[]
delivery-baa7472/round-1-creation/delivered/apps/web/package.json	examples/foundation/.proof/delivery-baa7472/round-1-creation/delivered/apps/web/package.json	620	3ffd23e1a624defe1b6b33f3c2516038e74a623341d3fe74fa68ed540412ae11	620	3ffd23e1a624defe1b6b33f3c2516038e74a623341d3fe74fa68ed540412ae11	false	[]
delivery-baa7472/round-1-creation/delivered/apps/web/src/main.tsx	examples/foundation/.proof/delivery-baa7472/round-1-creation/delivered/apps/web/src/main.tsx	2812	d35db9680fea6c3ce2082d6d9e391b1c3dfe22db5968b28ba2da8da0d76cf9be	2812	d35db9680fea6c3ce2082d6d9e391b1c3dfe22db5968b28ba2da8da0d76cf9be	false	[]
delivery-baa7472/round-1-creation/delivered/apps/web/src/router.tsx	examples/foundation/.proof/delivery-baa7472/round-1-creation/delivered/apps/web/src/router.tsx	720	d53d6c942972eff2e39f9e9bddaecd54e8210dccf36c86ffd4d2ae239f363798	720	d53d6c942972eff2e39f9e9bddaecd54e8210dccf36c86ffd4d2ae239f363798	false	[]
delivery-baa7472/round-1-creation/delivered/apps/web/src/work-items.tsx	examples/foundation/.proof/delivery-baa7472/round-1-creation/delivered/apps/web/src/work-items.tsx	6033	7ec61a361e5cc4a9c001eed4a7f3530215829d6f1e6c446110167c64b41c33a8	6033	7ec61a361e5cc4a9c001eed4a7f3530215829d6f1e6c446110167c64b41c33a8	false	[]
delivery-baa7472/round-1-creation/delivered/apps/web/tsconfig.json	examples/foundation/.proof/delivery-baa7472/round-1-creation/delivered/apps/web/tsconfig.json	167	5e0bda48b8b922b60fd2156cd7b2ae77be6501767a0addb9daf2d2b7d6354e25	167	5e0bda48b8b922b60fd2156cd7b2ae77be6501767a0addb9daf2d2b7d6354e25	false	[]
delivery-baa7472/round-1-creation/delivered/apps/web/vite.config.ts	examples/foundation/.proof/delivery-baa7472/round-1-creation/delivered/apps/web/vite.config.ts	186	c536b6cd2d08f8c39877d1fffeba7feed91a23f288582a98547f294ab4c609d1	186	c536b6cd2d08f8c39877d1fffeba7feed91a23f288582a98547f294ab4c609d1	false	[]
delivery-baa7472/round-1-creation/delivered/bun.lock	examples/foundation/.proof/delivery-baa7472/round-1-creation/delivered/bun.lock	171715	1ed2f09c0b4b4dbd5864f39dbde996958ea6cf2f17bfb33cef64586236d78034	171715	1ed2f09c0b4b4dbd5864f39dbde996958ea6cf2f17bfb33cef64586236d78034	false	[]
delivery-baa7472/round-1-creation/delivered/bunfig.toml	examples/foundation/.proof/delivery-baa7472/round-1-creation/delivered/bunfig.toml	48	f4a43b03fc32d930c2c7529164d739606974deb0fcf4ca3ec527bc3f35b3aa8f	48	f4a43b03fc32d930c2c7529164d739606974deb0fcf4ca3ec527bc3f35b3aa8f	false	[]
delivery-baa7472/round-1-creation/delivered/eslint.config.mjs	examples/foundation/.proof/delivery-baa7472/round-1-creation/delivered/eslint.config.mjs	56	ffe4ebb5a5c522749f8242d2e16ad3bb46a241e862684891301e831f912cba08	56	ffe4ebb5a5c522749f8242d2e16ad3bb46a241e862684891301e831f912cba08	false	[]
delivery-baa7472/round-1-creation/delivered/lint-staged.config.mjs	examples/foundation/.proof/delivery-baa7472/round-1-creation/delivered/lint-staged.config.mjs	142	1ea541668de294085bd4e9446eacd5d0325a8c55b27704fd111b0d8eda7bfd9b	142	1ea541668de294085bd4e9446eacd5d0325a8c55b27704fd111b0d8eda7bfd9b	false	[]
delivery-baa7472/round-1-creation/delivered/package.json	examples/foundation/.proof/delivery-baa7472/round-1-creation/delivered/package.json	2166	58972022ee0a90e794a6fe2ae05ce1d3127c70912811c3b205d845fcd1771ca4	2166	58972022ee0a90e794a6fe2ae05ce1d3127c70912811c3b205d845fcd1771ca4	false	[]
delivery-baa7472/round-1-creation/delivered/packages/backend/.env.example	examples/foundation/.proof/delivery-baa7472/round-1-creation/delivered/packages/backend/.env.example	200	b8ae67eee31602ab2897a2ff95082c6bd88181efc7a4fb3bbdd4e90fb6f708f8	200	b8ae67eee31602ab2897a2ff95082c6bd88181efc7a4fb3bbdd4e90fb6f708f8	false	[]
delivery-baa7472/round-1-creation/delivered/packages/backend/.gitignore	examples/foundation/.proof/delivery-baa7472/round-1-creation/delivered/packages/backend/.gitignore	12	c1be9a7b83075864153509fa626722510fd2507fe18e4548a4a89e11023048ea	12	c1be9a7b83075864153509fa626722510fd2507fe18e4548a4a89e11023048ea	false	[]
delivery-baa7472/round-1-creation/delivered/packages/backend/convex/_generated/api.ts	examples/foundation/.proof/delivery-baa7472/round-1-creation/delivered/packages/backend/convex/_generated/api.ts	1400	b51f59d5f03959d7978ef51ce4bb1918d5e966fcfd6c3510fe5847b65c11fbd2	1400	b51f59d5f03959d7978ef51ce4bb1918d5e966fcfd6c3510fe5847b65c11fbd2	false	[]
delivery-baa7472/round-1-creation/delivered/packages/backend/convex/_generated/dataModel.ts	examples/foundation/.proof/delivery-baa7472/round-1-creation/delivered/packages/backend/convex/_generated/dataModel.ts	1736	db177073d16a4393c7a96bcdc3a2a904e88c2432d54d138ca7715cc431982c17	1736	db177073d16a4393c7a96bcdc3a2a904e88c2432d54d138ca7715cc431982c17	false	[]
delivery-baa7472/round-1-creation/delivered/packages/backend/convex/_generated/server.ts	examples/foundation/.proof/delivery-baa7472/round-1-creation/delivered/packages/backend/convex/_generated/server.ts	6349	4ef510cd49241e28128a9a462daadaa9743c628f3df5c2a3fa4ad3c9af6b9cc4	6349	4ef510cd49241e28128a9a462daadaa9743c628f3df5c2a3fa4ad3c9af6b9cc4	false	[]
delivery-baa7472/round-1-creation/delivered/packages/backend/convex/auth.config.ts	examples/foundation/.proof/delivery-baa7472/round-1-creation/delivered/packages/backend/convex/auth.config.ts	2331	d6881c29a3b941cf0d2ad3e59d4eb26d4804c5731d5b09d4ff4035aa37edd123	2331	d6881c29a3b941cf0d2ad3e59d4eb26d4804c5731d5b09d4ff4035aa37edd123	false	[]
delivery-baa7472/round-1-creation/delivered/packages/backend/convex/http.ts	examples/foundation/.proof/delivery-baa7472/round-1-creation/delivered/packages/backend/convex/http.ts	5039	505a9476ace347334c949d5eadbf67a3ced2c84c1bee0a362652f387b99f2a12	5039	505a9476ace347334c949d5eadbf67a3ced2c84c1bee0a362652f387b99f2a12	false	[]
delivery-baa7472/round-1-creation/delivered/packages/backend/convex/lib/identity.ts	examples/foundation/.proof/delivery-baa7472/round-1-creation/delivered/packages/backend/convex/lib/identity.ts	1287	c07154240f019b4a4dafb1514ed4194c6e8479b9f69251c4d4d3c27252fe53da	1287	c07154240f019b4a4dafb1514ed4194c6e8479b9f69251c4d4d3c27252fe53da	false	[]
delivery-baa7472/round-1-creation/delivered/packages/backend/convex/lib/mcp.ts	examples/foundation/.proof/delivery-baa7472/round-1-creation/delivered/packages/backend/convex/lib/mcp.ts	4599	c5d6396b01551d057fa2cb63b175e6b5bb9c20cddcd06367a44cc1c301b11aae	4599	c5d6396b01551d057fa2cb63b175e6b5bb9c20cddcd06367a44cc1c301b11aae	false	[]
delivery-baa7472/round-1-creation/delivered/packages/backend/convex/schema.ts	examples/foundation/.proof/delivery-baa7472/round-1-creation/delivered/packages/backend/convex/schema.ts	296	dbb8465c66ac2b6b16cd4029797c4a9d2d618c6ebefbfb61820d24e780ea3298	296	dbb8465c66ac2b6b16cd4029797c4a9d2d618c6ebefbfb61820d24e780ea3298	false	[]
delivery-baa7472/round-1-creation/delivered/packages/backend/convex/tsconfig.json	examples/foundation/.proof/delivery-baa7472/round-1-creation/delivered/packages/backend/convex/tsconfig.json	223	94563947ccb3f355ca83a8bb6b85632d6d77a5de9864c973eabeb3dc6a3b68a0	223	94563947ccb3f355ca83a8bb6b85632d6d77a5de9864c973eabeb3dc6a3b68a0	false	[]
delivery-baa7472/round-1-creation/delivered/packages/backend/convex/workItems.ts	examples/foundation/.proof/delivery-baa7472/round-1-creation/delivered/packages/backend/convex/workItems.ts	2394	091b683e3f92d4412cd04b8ea2dc2b86729eeb8e21cf32a903f76393087a0963	2394	091b683e3f92d4412cd04b8ea2dc2b86729eeb8e21cf32a903f76393087a0963	false	[]
delivery-baa7472/round-1-creation/delivered/packages/backend/convex.json	examples/foundation/.proof/delivery-baa7472/round-1-creation/delivered/packages/backend/convex.json	135	fa3e766ef4d424da2f57361dca5369f073981fac42dd0a4e4641d8867faf51f3	135	fa3e766ef4d424da2f57361dca5369f073981fac42dd0a4e4641d8867faf51f3	false	[]
delivery-baa7472/round-1-creation/delivered/packages/backend/package.json	examples/foundation/.proof/delivery-baa7472/round-1-creation/delivered/packages/backend/package.json	580	31b5657d4efecc5dfa7ba55e3d1b88a366950649e1b40e407808888a7c40b655	580	31b5657d4efecc5dfa7ba55e3d1b88a366950649e1b40e407808888a7c40b655	false	[]
delivery-baa7472/round-1-creation/delivered/packages/backend/tsconfig.json	examples/foundation/.proof/delivery-baa7472/round-1-creation/delivered/packages/backend/tsconfig.json	128	4fd3e7337d33f357829d7bb17c24e8c46c5bed068caac3035f7703320a8a5f27	128	4fd3e7337d33f357829d7bb17c24e8c46c5bed068caac3035f7703320a8a5f27	false	[]
delivery-baa7472/round-1-creation/delivered/packages/config/eslint.mjs	examples/foundation/.proof/delivery-baa7472/round-1-creation/delivered/packages/config/eslint.mjs	6543	37ab4a3ca105bb08cea6e4c78c94c5994114a1212b73a322975fea90df0a7bbf	6543	37ab4a3ca105bb08cea6e4c78c94c5994114a1212b73a322975fea90df0a7bbf	false	[]
delivery-baa7472/round-1-creation/delivered/packages/config/package.json	examples/foundation/.proof/delivery-baa7472/round-1-creation/delivered/packages/config/package.json	226	a4f44539cae3b8097d700d6c2103b1789695a95cb7212d1725c0c7a4a8f10050	226	a4f44539cae3b8097d700d6c2103b1789695a95cb7212d1725c0c7a4a8f10050	false	[]
delivery-baa7472/round-1-creation/delivered/packages/config/typescript.json	examples/foundation/.proof/delivery-baa7472/round-1-creation/delivered/packages/config/typescript.json	479	c30e08e49e06495f66993ffc8d55d0e48e9f0ac28d1ed8a105b5fb5cdd97ef09	479	c30e08e49e06495f66993ffc8d55d0e48e9f0ac28d1ed8a105b5fb5cdd97ef09	false	[]
delivery-baa7472/round-1-creation/delivered/packages/domain/package.json	examples/foundation/.proof/delivery-baa7472/round-1-creation/delivered/packages/domain/package.json	259	6b38a411cf16da1daad0a07f6f0e5de738bd523b5d44525e58bc94f8bc13a8ac	259	6b38a411cf16da1daad0a07f6f0e5de738bd523b5d44525e58bc94f8bc13a8ac	false	[]
delivery-baa7472/round-1-creation/delivered/packages/domain/src/index.ts	examples/foundation/.proof/delivery-baa7472/round-1-creation/delivered/packages/domain/src/index.ts	650	5b1e707a9bdab248b40f1414a646c96d3d2fc9651b363bee3d6c1d657d200479	650	5b1e707a9bdab248b40f1414a646c96d3d2fc9651b363bee3d6c1d657d200479	false	[]
delivery-baa7472/round-1-creation/delivered/packages/domain/tsconfig.json	examples/foundation/.proof/delivery-baa7472/round-1-creation/delivered/packages/domain/tsconfig.json	72	9f05a0b0992a69d35ccfd30a7341d9c36fc7eaefb1634d54d6a92030ab4906a4	72	9f05a0b0992a69d35ccfd30a7341d9c36fc7eaefb1634d54d6a92030ab4906a4	false	[]
delivery-baa7472/round-1-creation/delivered/packages/ui/.storybook/main.ts	examples/foundation/.proof/delivery-baa7472/round-1-creation/delivered/packages/ui/.storybook/main.ts	370	5e7138e85e2d936a889a4d9fc83a60343a58adc8ac1378253af4f34de94ca452	370	5e7138e85e2d936a889a4d9fc83a60343a58adc8ac1378253af4f34de94ca452	false	[]
delivery-baa7472/round-1-creation/delivered/packages/ui/package.json	examples/foundation/.proof/delivery-baa7472/round-1-creation/delivered/packages/ui/package.json	571	7d0dacda9d20b8cb71adaf6c7fb60d01c081db8d7121ca2a97ea275785b9dd01	571	7d0dacda9d20b8cb71adaf6c7fb60d01c081db8d7121ca2a97ea275785b9dd01	false	[]
delivery-baa7472/round-1-creation/delivered/packages/ui/src/WorkItemList.stories.tsx	examples/foundation/.proof/delivery-baa7472/round-1-creation/delivered/packages/ui/src/WorkItemList.stories.tsx	835	1dee67d82ea987c646572e6aad354403e92513764fda882c76c93746a5f816c6	835	1dee67d82ea987c646572e6aad354403e92513764fda882c76c93746a5f816c6	false	[]
delivery-baa7472/round-1-creation/delivered/packages/ui/src/index.tsx	examples/foundation/.proof/delivery-baa7472/round-1-creation/delivered/packages/ui/src/index.tsx	2843	482517b2f2e77d1e7f4cdf3437dc171d989db1e6dae2bd2a21555f25e29e392c	2843	482517b2f2e77d1e7f4cdf3437dc171d989db1e6dae2bd2a21555f25e29e392c	false	[]
delivery-baa7472/round-1-creation/delivered/packages/ui/src/styles.css	examples/foundation/.proof/delivery-baa7472/round-1-creation/delivered/packages/ui/src/styles.css	3723	ca2eee3281dc72525d1b850e97f56253d45ad269b47fa99c353d29bc60f26e61	3723	ca2eee3281dc72525d1b850e97f56253d45ad269b47fa99c353d29bc60f26e61	false	[]
delivery-baa7472/round-1-creation/delivered/packages/ui/src/styles.d.ts	examples/foundation/.proof/delivery-baa7472/round-1-creation/delivered/packages/ui/src/styles.d.ts	24	da5bf71d48cf909584a01c80b445f730507068f5b34c920f352e2bfcf0315e4c	24	da5bf71d48cf909584a01c80b445f730507068f5b34c920f352e2bfcf0315e4c	false	[]
delivery-baa7472/round-1-creation/delivered/packages/ui/tsconfig.json	examples/foundation/.proof/delivery-baa7472/round-1-creation/delivered/packages/ui/tsconfig.json	181	d196a02fc942af46994f25a0e87b7cb14782e9412148b0a3e356887e615a8265	181	d196a02fc942af46994f25a0e87b7cb14782e9412148b0a3e356887e615a8265	false	[]
delivery-baa7472/round-1-creation/delivered/scripts/check.ts	examples/foundation/.proof/delivery-baa7472/round-1-creation/delivered/scripts/check.ts	4480	9c3cd5de3158b763735ec46563ed24aeecd6d516505e48f18750882e0c02ac68	4480	9c3cd5de3158b763735ec46563ed24aeecd6d516505e48f18750882e0c02ac68	false	[]
delivery-baa7472/round-1-creation/delivered/scripts/embed-ui.ts	examples/foundation/.proof/delivery-baa7472/round-1-creation/delivered/scripts/embed-ui.ts	572	8d56596ecc114a462c188bbecb4fbb8e61443bf2bbac8c1939dfc1a841b17e9b	572	8d56596ecc114a462c188bbecb4fbb8e61443bf2bbac8c1939dfc1a841b17e9b	false	[]
delivery-baa7472/round-1-creation/delivered/scripts/enforcement.ts	examples/foundation/.proof/delivery-baa7472/round-1-creation/delivered/scripts/enforcement.ts	5942	87cf27f64208be19c709ca571abaa5264bd692aa2b755a58906dc5580bd96ce5	5942	87cf27f64208be19c709ca571abaa5264bd692aa2b755a58906dc5580bd96ce5	false	[]
delivery-baa7472/round-1-creation/delivered/scripts/http-transport.ts	examples/foundation/.proof/delivery-baa7472/round-1-creation/delivered/scripts/http-transport.ts	1383	85ef0e5caad04b0f014acb7471208eea113f29bcaadce0a2d9a13a27a4851289	1383	85ef0e5caad04b0f014acb7471208eea113f29bcaadce0a2d9a13a27a4851289	false	[]
delivery-baa7472/round-1-creation/delivered/scripts/mcp-host-browser.ts	examples/foundation/.proof/delivery-baa7472/round-1-creation/delivered/scripts/mcp-host-browser.ts	7093	686bef7d89f8198b86cee7a1d8b41407fbde7cb5e71e86f35cd0553484a6a03e	7093	686bef7d89f8198b86cee7a1d8b41407fbde7cb5e71e86f35cd0553484a6a03e	false	[]
delivery-baa7472/round-1-creation/delivered/scripts/mcp-host.ts	examples/foundation/.proof/delivery-baa7472/round-1-creation/delivered/scripts/mcp-host.ts	2887	b2c39ff8cd5fb42cd26b6410c38112a6588a15cd0b56b69c1febd582793f021f	2887	b2c39ff8cd5fb42cd26b6410c38112a6588a15cd0b56b69c1febd582793f021f	false	[]
delivery-baa7472/round-1-creation/delivered/scripts/prepare-check.ts	examples/foundation/.proof/delivery-baa7472/round-1-creation/delivered/scripts/prepare-check.ts	406	347f97d470d664397c7a3b0258fb5885858b4fb4e6c43b89e248432a8c1457ff	406	347f97d470d664397c7a3b0258fb5885858b4fb4e6c43b89e248432a8c1457ff	false	[]
delivery-baa7472/round-1-creation/delivered/scripts/readiness-mcp.ts	examples/foundation/.proof/delivery-baa7472/round-1-creation/delivered/scripts/readiness-mcp.ts	10937	23342e60627a186e9890e0e7da3eaed3778b36fe6f9e64c67d124bc1873a26f9	10937	23342e60627a186e9890e0e7da3eaed3778b36fe6f9e64c67d124bc1873a26f9	false	[]
delivery-baa7472/round-1-creation/delivered/scripts/readiness.ts	examples/foundation/.proof/delivery-baa7472/round-1-creation/delivered/scripts/readiness.ts	33475	92a015976748e921607496daf54c9bb008944c2714bf0a14f4a2f1dcf50ad941	33475	92a015976748e921607496daf54c9bb008944c2714bf0a14f4a2f1dcf50ad941	false	[]
delivery-baa7472/round-1-creation/delivered/scripts/runtime.ts	examples/foundation/.proof/delivery-baa7472/round-1-creation/delivered/scripts/runtime.ts	13005	9bb77dd268df011cdd9aa0dab8fb505ea90e1300483f50ed032411a55c12c05d	13005	9bb77dd268df011cdd9aa0dab8fb505ea90e1300483f50ed032411a55c12c05d	false	[]
delivery-baa7472/round-1-creation/delivered/scripts/source-identity.ts	examples/foundation/.proof/delivery-baa7472/round-1-creation/delivered/scripts/source-identity.ts	1504	636670cddade1b22b13e97fb92c1354981d19e73f94eb7df80912432e532d8c5	1504	636670cddade1b22b13e97fb92c1354981d19e73f94eb7df80912432e532d8c5	false	[]
delivery-baa7472/round-1-creation/delivered/scripts/trials.ts	examples/foundation/.proof/delivery-baa7472/round-1-creation/delivered/scripts/trials.ts	33469	8879ba9d01f8b187bc170615ebadc67bbec64cce89208c6b03fb715a7d69977b	33469	8879ba9d01f8b187bc170615ebadc67bbec64cce89208c6b03fb715a7d69977b	false	[]
delivery-baa7472/round-1-creation/delivered/tests/domain.test.ts	examples/foundation/.proof/delivery-baa7472/round-1-creation/delivered/tests/domain.test.ts	720	1f944425bc0b6538246fd90b2b13d3ea87db0d9271befff106c68bc748d58dc7	720	1f944425bc0b6538246fd90b2b13d3ea87db0d9271befff106c68bc748d58dc7	false	[]
delivery-baa7472/round-1-creation/delivered/tests/proof-policy.test.ts	examples/foundation/.proof/delivery-baa7472/round-1-creation/delivered/tests/proof-policy.test.ts	5457	f7929b2412c13d440bea2b05f343bea7eddce61d88816b82c9243ebe4280c816	5457	f7929b2412c13d440bea2b05f343bea7eddce61d88816b82c9243ebe4280c816	false	[]
delivery-baa7472/round-1-creation/delivered/tests/provenance.test.ts	examples/foundation/.proof/delivery-baa7472/round-1-creation/delivered/tests/provenance.test.ts	1203	76c6aa2f61184341c5034633ee334d85c41ff08eef77fd2a0dc2e4ea131dd1b4	1203	76c6aa2f61184341c5034633ee334d85c41ff08eef77fd2a0dc2e4ea131dd1b4	false	[]
delivery-baa7472/round-1-creation/delivered/tests/trials.test.ts	examples/foundation/.proof/delivery-baa7472/round-1-creation/delivered/tests/trials.test.ts	6301	de54d906c9454b7c82975f341b4795979e221b4b28959030e1154a5b37bd098a	6301	de54d906c9454b7c82975f341b4795979e221b4b28959030e1154a5b37bd098a	false	[]
delivery-baa7472/round-1-creation/delivered/tsconfig.json	examples/foundation/.proof/delivery-baa7472/round-1-creation/delivered/tsconfig.json	255	4240a50aa7aac54aa69314488ca4ec20774566777d0ea914f03df46173f69ebd	255	4240a50aa7aac54aa69314488ca4ec20774566777d0ea914f03df46173f69ebd	false	[]
delivery-baa7472/round-1-creation/delivered/turbo.json	examples/foundation/.proof/delivery-baa7472/round-1-creation/delivered/turbo.json	655	448cad77683c89e74ad9ed77a55cdd262ab03f86c15a668d3257cd9d354d3e03	655	448cad77683c89e74ad9ed77a55cdd262ab03f86c15a668d3257cd9d354d3e03	false	[]
delivery-baa7472/round-1-creation/delivered-files.json	examples/foundation/.proof/delivery-baa7472/round-1-creation/delivered-files.json	7758	1869124792521919604185a26748469ad4afc7a72733c59179b03e844579d881	7758	1869124792521919604185a26748469ad4afc7a72733c59179b03e844579d881	false	[]
delivery-baa7472/round-1-creation/review/events.jsonl	examples/foundation/.proof/delivery-baa7472/round-1-creation/review/events.jsonl	457461	365717cd4a367c4cd6a4f992bb49f96e88802ece765e76fe0279c265115615c0	455312	338507f5765f0960351cbe0b361188b98cbafa55316781faf7b9c7596b9f7171	true	[{"kind":"personal-user-prefix","count":176},{"kind":"randomized-macos-temp-prefix","count":49}]
delivery-baa7472/round-1-creation/review/final.json	examples/foundation/.proof/delivery-baa7472/round-1-creation/review/final.json	7059	4c47b383f728cc5fd644d030db9cfc58e7afe969c5b125335c8f3547de863593	6948	a3d9858b0ea18e424ab162896575b22367b30e51eab4c5e3568c66808b81c04e	true	[{"kind":"randomized-macos-temp-prefix","count":3}]
delivery-baa7472/round-1-creation/review/prompt.txt	examples/foundation/.proof/delivery-baa7472/round-1-creation/review/prompt.txt	8655	47d2b40ee20909f81a7c4319aef110a813695500e9ae9066e6fc6c16eeeeaae7	8542	85010fb6ecdc84ca024b5eb86665e8cc3a0758b09c04d0b36731959effa664c2	true	[{"kind":"personal-user-prefix","count":2},{"kind":"randomized-macos-temp-prefix","count":3}]
delivery-baa7472/round-1-creation/review/schema.json	examples/foundation/.proof/delivery-baa7472/round-1-creation/review/schema.json	2255	8bd8c27669638fc084dfe40d134d5a9fd53a260ec0a67a31d1260ed528a1a250	2255	8bd8c27669638fc084dfe40d134d5a9fd53a260ec0a67a31d1260ed528a1a250	false	[]
delivery-baa7472/round-1-creation/review/stderr.log	examples/foundation/.proof/delivery-baa7472/round-1-creation/review/stderr.log	1220	9519f028a328c5fb8dd22b29d891b4567e2cd821a11548681dfc57e500844e2f	1218	528360b8eb2a39b412b91683085ae291ca1b4584b77b52808d9b5ec9ff37c389	true	[{"kind":"personal-user-prefix","count":2}]
delivery-baa7472/round-1-creation/task/events.jsonl	examples/foundation/.proof/delivery-baa7472/round-1-creation/task/events.jsonl	459771	778a1d3842ad408a135f388bca2d4f58cffc48a24aad814038a830699caa9f03	455988	b8fe8ee7fb6d0e3e7bf854da0be8a02ed964d75282f77722ddd07f2dc995f9d8	true	[{"kind":"personal-user-prefix","count":71},{"kind":"randomized-macos-temp-prefix","count":96}]
delivery-baa7472/round-1-creation/task/final.json	examples/foundation/.proof/delivery-baa7472/round-1-creation/task/final.json	1008	e3e01cb847b43d8b5c9927683d5a7c595bf7ca6340498e4d991a4223ec62f388	1008	e3e01cb847b43d8b5c9927683d5a7c595bf7ca6340498e4d991a4223ec62f388	false	[]
delivery-baa7472/round-1-creation/task/prompt.txt	examples/foundation/.proof/delivery-baa7472/round-1-creation/task/prompt.txt	948	37bb85afa8b147a58cccd6a998a2b1fa727381dbfa84be996c0e2029eeb5bfd2	911	69e1b5c3c34aa99075af2e01a4ea188e972d76baabcd74a63686b7b3e6d005a2	true	[{"kind":"randomized-macos-temp-prefix","count":1}]
delivery-baa7472/round-1-creation/task/schema.json	examples/foundation/.proof/delivery-baa7472/round-1-creation/task/schema.json	745	09d88e02a278f8f9f9c9e73dfadc39517f75c9a27a230302ee897a6dada2275b	745	09d88e02a278f8f9f9c9e73dfadc39517f75c9a27a230302ee897a6dada2275b	false	[]
delivery-baa7472/round-1-creation/task/stderr.log	examples/foundation/.proof/delivery-baa7472/round-1-creation/task/stderr.log	1220	b00e2f969796a6613d1aedaa58ac466e8ecc3bb05a067dd6272395015b10d546	1218	cd3f27e61b1db4fa1a0fff3219b72ae991d8b2182e65d76dca75d43abee23c86	true	[{"kind":"personal-user-prefix","count":2}]
delivery-baa7472/round-1-creation/task.txt	examples/foundation/.proof/delivery-baa7472/round-1-creation/task.txt	460	3ffb0e5076606791bc5f240afc69165831ed3be64ee83a7a921d76d4f1733926	423	2259438be07ded7a03b0278c7f6dd98e7e0b58c215c931a2b92ed7ba7b6d9627	true	[{"kind":"randomized-macos-temp-prefix","count":1}]
delivery-baa7472/round-1-creation/workspace-evidence/README.md	examples/foundation/.proof/delivery-baa7472/round-1-creation/workspace-evidence/README.md	3946	3a15b24f05b0ff7a11c06d47264e2ca95d67da90f6ae4d551ee3d09351564add	3946	3a15b24f05b0ff7a11c06d47264e2ca95d67da90f6ae4d551ee3d09351564add	false	[]
delivery-baa7472/round-1-creation/workspace-evidence/build.log	examples/foundation/.proof/delivery-baa7472/round-1-creation/workspace-evidence/build.log	5468	ee1952606304461c3ceafd7072199de1f54f4f87a40e984522b7a00a05dafe3e	5423	adc1d9f41cbad415de7cd89c671965bcd2c3377c84298225b19d51e1e1e18e08	true	[{"kind":"randomized-macos-temp-prefix","count":1}]
delivery-baa7472/round-1-creation/workspace-evidence/check-affected.log	examples/foundation/.proof/delivery-baa7472/round-1-creation/workspace-evidence/check-affected.log	4948	9b72f4fb300ff490461c45f3c77769b011357dca39e6b9b9f6e96117ca8f0e96	4768	3f0a8930de578d8bebe6a0798fa67c4b29cacdbce36ada30919d538a9b0e5618	true	[{"kind":"randomized-macos-temp-prefix","count":4}]
delivery-baa7472/round-1-creation/workspace-evidence/check-ci-final.log	examples/foundation/.proof/delivery-baa7472/round-1-creation/workspace-evidence/check-ci-final.log	5542	f3b2d05281afaa0e7bea2a0395e0309ae3ebea5e77e638fe95ee88d4bb0aed8b	5362	f1e85c7a3c351803a627874ec9f07dc55d624bd9f82f1dce834ae6c74c73db8d	true	[{"kind":"randomized-macos-temp-prefix","count":4}]
delivery-baa7472/round-1-creation/workspace-evidence/check-ci-initial.log	examples/foundation/.proof/delivery-baa7472/round-1-creation/workspace-evidence/check-ci-initial.log	5508	8cbb56483e9fc2b96ddae03266dda65367a3ef9f6a88843ab866bb9e86e2bc56	5328	6a6b3373163281073560504d0aa1cc295766433074d80aee68235373a393615d	true	[{"kind":"randomized-macos-temp-prefix","count":4}]
delivery-baa7472/round-1-creation/workspace-evidence/check-quick.log	examples/foundation/.proof/delivery-baa7472/round-1-creation/workspace-evidence/check-quick.log	176	57bd2fc7382459f94fd0fe324ca711f58071cb1b2dabbb58eb8536693adcf74e	176	57bd2fc7382459f94fd0fe324ca711f58071cb1b2dabbb58eb8536693adcf74e	false	[]
delivery-baa7472/round-1-creation/workspace-evidence/doctor-final.json	examples/foundation/.proof/delivery-baa7472/round-1-creation/workspace-evidence/doctor-final.json	877	f45efb0fedaf59c2f290787cbab0a2fed7909d010f06cd46df87dd4d98c35c85	832	1ee5e0819ee4558a6c5b4119d5638306b437456cb70bff8321d007a6df35744c	true	[{"kind":"randomized-macos-temp-prefix","count":1}]
delivery-baa7472/round-1-creation/workspace-evidence/doctor-initial.json	examples/foundation/.proof/delivery-baa7472/round-1-creation/workspace-evidence/doctor-initial.json	878	b8a2525ca8e392d27353fdb5476826e793b6264450835d24e6cdfbc672c26c61	833	550c9a47488433f4acc98f07549c3c3fa6d3ef8dc67f606b2ca61eeb88a57687	true	[{"kind":"randomized-macos-temp-prefix","count":1}]
delivery-baa7472/round-1-creation/workspace-evidence/doctor-node24.json	examples/foundation/.proof/delivery-baa7472/round-1-creation/workspace-evidence/doctor-node24.json	877	135fde72d0defcaabf1fa39995a10df91de0a104219ce2bbc15daf95aecedab1	832	e01c444b811dbd9ae523e459b9a792bbe0745d7703ba1fff4d70f263f329a8c9	true	[{"kind":"randomized-macos-temp-prefix","count":1}]
delivery-baa7472/round-1-creation/workspace-evidence/enforcement-command.log	examples/foundation/.proof/delivery-baa7472/round-1-creation/workspace-evidence/enforcement-command.log	2580	e7c8f735beb94a37a6415669dd3615c634b41d54ceaf4a226d423ef82e35fdce	2580	e7c8f735beb94a37a6415669dd3615c634b41d54ceaf4a226d423ef82e35fdce	false	[]
delivery-baa7472/round-1-creation/workspace-evidence/enforcement-report.json	examples/foundation/.proof/delivery-baa7472/round-1-creation/workspace-evidence/enforcement-report.json	2796	6a3c0a4e71d115971531bb9eeaf5e7e051e8c43dcea02874d2240f65757d41fd	2796	6a3c0a4e71d115971531bb9eeaf5e7e051e8c43dcea02874d2240f65757d41fd	false	[]
delivery-baa7472/round-1-creation/workspace-evidence/install-project-cache.log	examples/foundation/.proof/delivery-baa7472/round-1-creation/workspace-evidence/install-project-cache.log	124	2b0c01bc44862aa283e2f7ccc4a1f8f6235d0771c2363b27c742534c8c6a9d27	124	2b0c01bc44862aa283e2f7ccc4a1f8f6235d0771c2363b27c742534c8c6a9d27	false	[]
delivery-baa7472/round-1-creation/workspace-evidence/manifest.json	examples/foundation/.proof/delivery-baa7472/round-1-creation/workspace-evidence/manifest.json	4988	7e1bef205a704f0abc1d48db447cf8c133922c29cd14c7ffd147e7fc59d87507	4943	44a7772d2aaa275909b8d30135ef5676144a5b44ad0e10422e0fe0b6aad8eaf9	true	[{"kind":"randomized-macos-temp-prefix","count":1}]
delivery-baa7472/round-1-creation/workspace-evidence/mcp-final/report.json	examples/foundation/.proof/delivery-baa7472/round-1-creation/workspace-evidence/mcp-final/report.json	2614	61c5bd53449e26bce01ec6cee842bf19f965edc1a7afb4f23ffdaba7c1624e39	2614	61c5bd53449e26bce01ec6cee842bf19f965edc1a7afb4f23ffdaba7c1624e39	false	[]
delivery-baa7472/round-1-creation/workspace-evidence/mcp-final/runtime.log	examples/foundation/.proof/delivery-baa7472/round-1-creation/workspace-evidence/mcp-final/runtime.log	1883	f0a529bc33eea0aa5660f36ed4e8b9cc504a708ce2933bb5d2b4e230debd8494	1883	f0a529bc33eea0aa5660f36ed4e8b9cc504a708ce2933bb5d2b4e230debd8494	false	[]
delivery-baa7472/round-1-creation/workspace-evidence/mcp-final-command.log	examples/foundation/.proof/delivery-baa7472/round-1-creation/workspace-evidence/mcp-final-command.log	2678	e2a88c2adc8f2779a184740e7ba5bd3e1fe303fe7c93425f09fba1eea7614db2	2678	e2a88c2adc8f2779a184740e7ba5bd3e1fe303fe7c93425f09fba1eea7614db2	false	[]
delivery-baa7472/round-1-creation/workspace-evidence/mcp-readiness/report.json	examples/foundation/.proof/delivery-baa7472/round-1-creation/workspace-evidence/mcp-readiness/report.json	2614	eeff5970a1d94f61408ade82a29c2089a7524cb4cec53c6d8df8f97af715250d	2614	eeff5970a1d94f61408ade82a29c2089a7524cb4cec53c6d8df8f97af715250d	false	[]
delivery-baa7472/round-1-creation/workspace-evidence/mcp-readiness/runtime.log	examples/foundation/.proof/delivery-baa7472/round-1-creation/workspace-evidence/mcp-readiness/runtime.log	1976	89bd5813ae28dd1ebc033611e19c820f7414d46c4a012960fe947797e02d35b6	1976	89bd5813ae28dd1ebc033611e19c820f7414d46c4a012960fe947797e02d35b6	false	[]
delivery-baa7472/round-1-creation/workspace-evidence/mcp-readiness-command.log	examples/foundation/.proof/delivery-baa7472/round-1-creation/workspace-evidence/mcp-readiness-command.log	2682	b4b7f3092fe77d55776b6aa32832efb82588a291b73daadf42e3e950ceb31730	2682	b4b7f3092fe77d55776b6aa32832efb82588a291b73daadf42e3e950ceb31730	false	[]
delivery-baa7472/round-1-creation/workspace-evidence/readiness-final/report.json	examples/foundation/.proof/delivery-baa7472/round-1-creation/workspace-evidence/readiness-final/report.json	6352	430c179099e47baa3e6a78eaf6098ab0f07a3d6366f3c5585301b10fa1d2718c	6350	c2538b09f55b202f2ff7a8feb2fca48212e93aa7da5b0b6baa542f0ba3037925	true	[{"kind":"personal-user-prefix","count":2}]
delivery-baa7472/round-1-creation/workspace-evidence/readiness-final/runtime.log	examples/foundation/.proof/delivery-baa7472/round-1-creation/workspace-evidence/readiness-final/runtime.log	1884	d2d000188331dcbb6023e8e19714aa87b2c9e119ada5537e30425b05ddc7f7bd	1884	d2d000188331dcbb6023e8e19714aa87b2c9e119ada5537e30425b05ddc7f7bd	false	[]
delivery-baa7472/round-1-creation/workspace-evidence/readiness-final-command.log	examples/foundation/.proof/delivery-baa7472/round-1-creation/workspace-evidence/readiness-final-command.log	6463	19455917818a8034cad6d2afa5efaef3fdbae66054cf6f2e6c8088d97a76b3df	6461	82cdc46efffa01d65ab7c8a7304f14e3286a958af93a803d8d63861f59b957e5	true	[{"kind":"personal-user-prefix","count":2}]
delivery-baa7472/round-1-creation/workspace-evidence/readiness-initial/report.json	examples/foundation/.proof/delivery-baa7472/round-1-creation/workspace-evidence/readiness-initial/report.json	6382	40804200bf586e45baa4d12e1e3f08445d9e02237d4235e75ea88e2c8bf9ea2e	6380	16e2f28e6646f91b318352201130df2710c689c0f6f6933515191c20be508623	true	[{"kind":"personal-user-prefix","count":2}]
delivery-baa7472/round-1-creation/workspace-evidence/readiness-initial/runtime.log	examples/foundation/.proof/delivery-baa7472/round-1-creation/workspace-evidence/readiness-initial/runtime.log	1884	2717693b5afb578430388f5209b624cb68d5c8fd808cfc29802809e136d1f375	1884	2717693b5afb578430388f5209b624cb68d5c8fd808cfc29802809e136d1f375	false	[]
delivery-baa7472/round-1-creation/workspace-evidence/readiness-initial-command.log	examples/foundation/.proof/delivery-baa7472/round-1-creation/workspace-evidence/readiness-initial-command.log	6382	40804200bf586e45baa4d12e1e3f08445d9e02237d4235e75ea88e2c8bf9ea2e	6380	16e2f28e6646f91b318352201130df2710c689c0f6f6933515191c20be508623	true	[{"kind":"personal-user-prefix","count":2}]
delivery-baa7472/round-1-creation/workspace-evidence/root-retention.json	examples/foundation/.proof/delivery-baa7472/round-1-creation/workspace-evidence/root-retention.json	4340	e8983de63f3b547100fb917bc628588033374316cc50aa8b1ee6326a4a30a429	4340	e8983de63f3b547100fb917bc628588033374316cc50aa8b1ee6326a4a30a429	false	[]
delivery-baa7472/round-1-creation/workspace-evidence/setup.json	examples/foundation/.proof/delivery-baa7472/round-1-creation/workspace-evidence/setup.json	952	451c7333343db47b7c4377be8ec92c98321077c1d8f8d1f02ad47337e6125ec8	952	451c7333343db47b7c4377be8ec92c98321077c1d8f8d1f02ad47337e6125ec8	false	[]
delivery-baa7472/round-1-creation/workspace-evidence/summary.json	examples/foundation/.proof/delivery-baa7472/round-1-creation/workspace-evidence/summary.json	2872	3858c376e7a853a3bc844cf07a17ecbd400484b3096ccfdce2489f8a69d29e1f	2872	3858c376e7a853a3bc844cf07a17ecbd400484b3096ccfdce2489f8a69d29e1f	false	[]
delivery-baa7472/round-1-feature/interrupted/delivered/.astack/feature-map/work-items/README.md	examples/foundation/.proof/delivery-baa7472/round-1-feature/interrupted/delivered/.astack/feature-map/work-items/README.md	383	f22f22985ef1a9782e4c6a9a074bd90328e7cde7644dfa3719c926410782bed5	383	f22f22985ef1a9782e4c6a9a074bd90328e7cde7644dfa3719c926410782bed5	false	[]
delivery-baa7472/round-1-feature/interrupted/delivered/.astack/feature-map/work-items/work-items.md	examples/foundation/.proof/delivery-baa7472/round-1-feature/interrupted/delivered/.astack/feature-map/work-items/work-items.md	1206	67d6aa7c0f3843349997b2578963b437661211be34b69907978d6a2bd152aba5	1206	67d6aa7c0f3843349997b2578963b437661211be34b69907978d6a2bd152aba5	false	[]
delivery-baa7472/round-1-feature/interrupted/delivered/.astack/project.md	examples/foundation/.proof/delivery-baa7472/round-1-feature/interrupted/delivered/.astack/project.md	1419	1bbff417fbc7e79f306da3c1a90e0158fc50bde7656d7dca1d9deadf6e50ce2b	1419	1bbff417fbc7e79f306da3c1a90e0158fc50bde7656d7dca1d9deadf6e50ce2b	false	[]
delivery-baa7472/round-1-feature/interrupted/delivered/.astack/scaffold.json	examples/foundation/.proof/delivery-baa7472/round-1-feature/interrupted/delivered/.astack/scaffold.json	274	a2084f6215491e338360af455acbf5500b1a5a2c3cd6f6713c50d3f90e8c96e1	274	a2084f6215491e338360af455acbf5500b1a5a2c3cd6f6713c50d3f90e8c96e1	false	[]
delivery-baa7472/round-1-feature/interrupted/delivered/.codex/skills/astack-work-items/SKILL.md	examples/foundation/.proof/delivery-baa7472/round-1-feature/interrupted/delivered/.codex/skills/astack-work-items/SKILL.md	1242	d6d82b88246cd96512e1a0c5a022c2f3a7d80a1eb164e905dc0d4232d6133fb2	1242	d6d82b88246cd96512e1a0c5a022c2f3a7d80a1eb164e905dc0d4232d6133fb2	false	[]
delivery-baa7472/round-1-feature/interrupted/delivered/.codex/skills/astack-work-items/control.ts	examples/foundation/.proof/delivery-baa7472/round-1-feature/interrupted/delivered/.codex/skills/astack-work-items/control.ts	1271	78daca53062dfb26bc78cfaf8bb8d70b2b2af2fa266484cc3c4e190591f0fcce	1271	78daca53062dfb26bc78cfaf8bb8d70b2b2af2fa266484cc3c4e190591f0fcce	false	[]
delivery-baa7472/round-1-feature/interrupted/delivered/.gitignore	examples/foundation/.proof/delivery-baa7472/round-1-feature/interrupted/delivered/.gitignore	133	d7cfccfef537709ee2dd5dc14c0406dc2bd50fee52c785f481010b2689a9db7b	133	d7cfccfef537709ee2dd5dc14c0406dc2bd50fee52c785f481010b2689a9db7b	false	[]
delivery-baa7472/round-1-feature/interrupted/delivered/.husky/_/.gitignore	examples/foundation/.proof/delivery-baa7472/round-1-feature/interrupted/delivered/.husky/_/.gitignore	1	684888c0ebb17f374298b65ee2807526c066094c701bcc7ebbe1c1095f494fc1	1	684888c0ebb17f374298b65ee2807526c066094c701bcc7ebbe1c1095f494fc1	false	[]
delivery-baa7472/round-1-feature/interrupted/delivered/.husky/_/applypatch-msg	examples/foundation/.proof/delivery-baa7472/round-1-feature/interrupted/delivered/.husky/_/applypatch-msg	39	34fe496008be71d8fdd446b2cce81e4bb0406109c130eafc583fbd9fe33244e2	39	34fe496008be71d8fdd446b2cce81e4bb0406109c130eafc583fbd9fe33244e2	false	[]
delivery-baa7472/round-1-feature/interrupted/delivered/.husky/_/commit-msg	examples/foundation/.proof/delivery-baa7472/round-1-feature/interrupted/delivered/.husky/_/commit-msg	39	34fe496008be71d8fdd446b2cce81e4bb0406109c130eafc583fbd9fe33244e2	39	34fe496008be71d8fdd446b2cce81e4bb0406109c130eafc583fbd9fe33244e2	false	[]
delivery-baa7472/round-1-feature/interrupted/delivered/.husky/_/h	examples/foundation/.proof/delivery-baa7472/round-1-feature/interrupted/delivered/.husky/_/h	551	70200b200ca709b0622784f93839a5b2872333a917a09afddefd7dc2d8cdc680	551	70200b200ca709b0622784f93839a5b2872333a917a09afddefd7dc2d8cdc680	false	[]
delivery-baa7472/round-1-feature/interrupted/delivered/.husky/_/husky.sh	examples/foundation/.proof/delivery-baa7472/round-1-feature/interrupted/delivered/.husky/_/husky.sh	160	21122903fca7209a13c991e5be68780636e28f1b8f0ae7ea07ed0065dfe37268	160	21122903fca7209a13c991e5be68780636e28f1b8f0ae7ea07ed0065dfe37268	false	[]
delivery-baa7472/round-1-feature/interrupted/delivered/.husky/_/post-applypatch	examples/foundation/.proof/delivery-baa7472/round-1-feature/interrupted/delivered/.husky/_/post-applypatch	39	34fe496008be71d8fdd446b2cce81e4bb0406109c130eafc583fbd9fe33244e2	39	34fe496008be71d8fdd446b2cce81e4bb0406109c130eafc583fbd9fe33244e2	false	[]
delivery-baa7472/round-1-feature/interrupted/delivered/.husky/_/post-checkout	examples/foundation/.proof/delivery-baa7472/round-1-feature/interrupted/delivered/.husky/_/post-checkout	39	34fe496008be71d8fdd446b2cce81e4bb0406109c130eafc583fbd9fe33244e2	39	34fe496008be71d8fdd446b2cce81e4bb0406109c130eafc583fbd9fe33244e2	false	[]
delivery-baa7472/round-1-feature/interrupted/delivered/.husky/_/post-commit	examples/foundation/.proof/delivery-baa7472/round-1-feature/interrupted/delivered/.husky/_/post-commit	39	34fe496008be71d8fdd446b2cce81e4bb0406109c130eafc583fbd9fe33244e2	39	34fe496008be71d8fdd446b2cce81e4bb0406109c130eafc583fbd9fe33244e2	false	[]
delivery-baa7472/round-1-feature/interrupted/delivered/.husky/_/post-merge	examples/foundation/.proof/delivery-baa7472/round-1-feature/interrupted/delivered/.husky/_/post-merge	39	34fe496008be71d8fdd446b2cce81e4bb0406109c130eafc583fbd9fe33244e2	39	34fe496008be71d8fdd446b2cce81e4bb0406109c130eafc583fbd9fe33244e2	false	[]
delivery-baa7472/round-1-feature/interrupted/delivered/.husky/_/post-rewrite	examples/foundation/.proof/delivery-baa7472/round-1-feature/interrupted/delivered/.husky/_/post-rewrite	39	34fe496008be71d8fdd446b2cce81e4bb0406109c130eafc583fbd9fe33244e2	39	34fe496008be71d8fdd446b2cce81e4bb0406109c130eafc583fbd9fe33244e2	false	[]
delivery-baa7472/round-1-feature/interrupted/delivered/.husky/_/pre-applypatch	examples/foundation/.proof/delivery-baa7472/round-1-feature/interrupted/delivered/.husky/_/pre-applypatch	39	34fe496008be71d8fdd446b2cce81e4bb0406109c130eafc583fbd9fe33244e2	39	34fe496008be71d8fdd446b2cce81e4bb0406109c130eafc583fbd9fe33244e2	false	[]
delivery-baa7472/round-1-feature/interrupted/delivered/.husky/_/pre-auto-gc	examples/foundation/.proof/delivery-baa7472/round-1-feature/interrupted/delivered/.husky/_/pre-auto-gc	39	34fe496008be71d8fdd446b2cce81e4bb0406109c130eafc583fbd9fe33244e2	39	34fe496008be71d8fdd446b2cce81e4bb0406109c130eafc583fbd9fe33244e2	false	[]
delivery-baa7472/round-1-feature/interrupted/delivered/.husky/_/pre-commit	examples/foundation/.proof/delivery-baa7472/round-1-feature/interrupted/delivered/.husky/_/pre-commit	39	34fe496008be71d8fdd446b2cce81e4bb0406109c130eafc583fbd9fe33244e2	39	34fe496008be71d8fdd446b2cce81e4bb0406109c130eafc583fbd9fe33244e2	false	[]
delivery-baa7472/round-1-feature/interrupted/delivered/.husky/_/pre-merge-commit	examples/foundation/.proof/delivery-baa7472/round-1-feature/interrupted/delivered/.husky/_/pre-merge-commit	39	34fe496008be71d8fdd446b2cce81e4bb0406109c130eafc583fbd9fe33244e2	39	34fe496008be71d8fdd446b2cce81e4bb0406109c130eafc583fbd9fe33244e2	false	[]
delivery-baa7472/round-1-feature/interrupted/delivered/.husky/_/pre-push	examples/foundation/.proof/delivery-baa7472/round-1-feature/interrupted/delivered/.husky/_/pre-push	39	34fe496008be71d8fdd446b2cce81e4bb0406109c130eafc583fbd9fe33244e2	39	34fe496008be71d8fdd446b2cce81e4bb0406109c130eafc583fbd9fe33244e2	false	[]
delivery-baa7472/round-1-feature/interrupted/delivered/.husky/_/pre-rebase	examples/foundation/.proof/delivery-baa7472/round-1-feature/interrupted/delivered/.husky/_/pre-rebase	39	34fe496008be71d8fdd446b2cce81e4bb0406109c130eafc583fbd9fe33244e2	39	34fe496008be71d8fdd446b2cce81e4bb0406109c130eafc583fbd9fe33244e2	false	[]
delivery-baa7472/round-1-feature/interrupted/delivered/.husky/_/prepare-commit-msg	examples/foundation/.proof/delivery-baa7472/round-1-feature/interrupted/delivered/.husky/_/prepare-commit-msg	39	34fe496008be71d8fdd446b2cce81e4bb0406109c130eafc583fbd9fe33244e2	39	34fe496008be71d8fdd446b2cce81e4bb0406109c130eafc583fbd9fe33244e2	false	[]
delivery-baa7472/round-1-feature/interrupted/delivered/.husky/pre-commit	examples/foundation/.proof/delivery-baa7472/round-1-feature/interrupted/delivered/.husky/pre-commit	68	0506e474aa323132f2688f25c083faf49e2be5e486f6de3c215a4f5565f49290	68	0506e474aa323132f2688f25c083faf49e2be5e486f6de3c215a4f5565f49290	false	[]
delivery-baa7472/round-1-feature/interrupted/delivered/.prettierignore	examples/foundation/.proof/delivery-baa7472/round-1-feature/interrupted/delivered/.prettierignore	101	077f2966b94e14c1bf40a136c4a9fecfb41e793e32d18d07413873994263d7ad	101	077f2966b94e14c1bf40a136c4a9fecfb41e793e32d18d07413873994263d7ad	false	[]
delivery-baa7472/round-1-feature/interrupted/delivered/.prettierrc.json	examples/foundation/.proof/delivery-baa7472/round-1-feature/interrupted/delivered/.prettierrc.json	48	32dcd743a0ffca59a737c87abcfcc3f57a0cede5cedb6a8b1b68d32a3b6d4506	48	32dcd743a0ffca59a737c87abcfcc3f57a0cede5cedb6a8b1b68d32a3b6d4506	false	[]
delivery-baa7472/round-1-feature/interrupted/delivered/README.md	examples/foundation/.proof/delivery-baa7472/round-1-feature/interrupted/delivered/README.md	7630	3ad05964ff2197e383e09bebaca42ebc263d36723e7b53da2667142db2a4a7e0	7630	3ad05964ff2197e383e09bebaca42ebc263d36723e7b53da2667142db2a4a7e0	false	[]
delivery-baa7472/round-1-feature/interrupted/delivered/apps/mcp-ui/index.html	examples/foundation/.proof/delivery-baa7472/round-1-feature/interrupted/delivered/apps/mcp-ui/index.html	295	94fe15c034fde9461e7c54c4bbb6e13eceb9bc5ba6305cafa4a7ef146aa4a82e	295	94fe15c034fde9461e7c54c4bbb6e13eceb9bc5ba6305cafa4a7ef146aa4a82e	false	[]
delivery-baa7472/round-1-feature/interrupted/delivered/apps/mcp-ui/package.json	examples/foundation/.proof/delivery-baa7472/round-1-feature/interrupted/delivered/apps/mcp-ui/package.json	446	ad665bb56b8ee65c856b1bdcd6c88c8f33cd36f2df2c40e7e12872a9592f5f06	446	ad665bb56b8ee65c856b1bdcd6c88c8f33cd36f2df2c40e7e12872a9592f5f06	false	[]
delivery-baa7472/round-1-feature/interrupted/delivered/apps/mcp-ui/src/main.tsx	examples/foundation/.proof/delivery-baa7472/round-1-feature/interrupted/delivered/apps/mcp-ui/src/main.tsx	5593	97dd3c35aa605b8983daf0acf06ebe30dcd6aa05a5eabc1e04688b37cc64c37d	5593	97dd3c35aa605b8983daf0acf06ebe30dcd6aa05a5eabc1e04688b37cc64c37d	false	[]
delivery-baa7472/round-1-feature/interrupted/delivered/apps/mcp-ui/tsconfig.json	examples/foundation/.proof/delivery-baa7472/round-1-feature/interrupted/delivered/apps/mcp-ui/tsconfig.json	167	5e0bda48b8b922b60fd2156cd7b2ae77be6501767a0addb9daf2d2b7d6354e25	167	5e0bda48b8b922b60fd2156cd7b2ae77be6501767a0addb9daf2d2b7d6354e25	false	[]
delivery-baa7472/round-1-feature/interrupted/delivered/apps/mcp-ui/vite.config.ts	examples/foundation/.proof/delivery-baa7472/round-1-feature/interrupted/delivered/apps/mcp-ui/vite.config.ts	264	2a55d4c288492c76c16e4093db62b199cd65e5849db0ba2d465127b0d9c694e1	264	2a55d4c288492c76c16e4093db62b199cd65e5849db0ba2d465127b0d9c694e1	false	[]
delivery-baa7472/round-1-feature/interrupted/delivered/apps/web/.env.example	examples/foundation/.proof/delivery-baa7472/round-1-feature/interrupted/delivered/apps/web/.env.example	275	b0a0ce4f487271efc054bfed28174b7ca284096bb0b551aacc84d2b128720096	275	b0a0ce4f487271efc054bfed28174b7ca284096bb0b551aacc84d2b128720096	false	[]
delivery-baa7472/round-1-feature/interrupted/delivered/apps/web/index.html	examples/foundation/.proof/delivery-baa7472/round-1-feature/interrupted/delivered/apps/web/index.html	295	94fe15c034fde9461e7c54c4bbb6e13eceb9bc5ba6305cafa4a7ef146aa4a82e	295	94fe15c034fde9461e7c54c4bbb6e13eceb9bc5ba6305cafa4a7ef146aa4a82e	false	[]
delivery-baa7472/round-1-feature/interrupted/delivered/apps/web/package.json	examples/foundation/.proof/delivery-baa7472/round-1-feature/interrupted/delivered/apps/web/package.json	620	3ffd23e1a624defe1b6b33f3c2516038e74a623341d3fe74fa68ed540412ae11	620	3ffd23e1a624defe1b6b33f3c2516038e74a623341d3fe74fa68ed540412ae11	false	[]
delivery-baa7472/round-1-feature/interrupted/delivered/apps/web/src/main.tsx	examples/foundation/.proof/delivery-baa7472/round-1-feature/interrupted/delivered/apps/web/src/main.tsx	2812	d35db9680fea6c3ce2082d6d9e391b1c3dfe22db5968b28ba2da8da0d76cf9be	2812	d35db9680fea6c3ce2082d6d9e391b1c3dfe22db5968b28ba2da8da0d76cf9be	false	[]
delivery-baa7472/round-1-feature/interrupted/delivered/apps/web/src/router.tsx	examples/foundation/.proof/delivery-baa7472/round-1-feature/interrupted/delivered/apps/web/src/router.tsx	720	d53d6c942972eff2e39f9e9bddaecd54e8210dccf36c86ffd4d2ae239f363798	720	d53d6c942972eff2e39f9e9bddaecd54e8210dccf36c86ffd4d2ae239f363798	false	[]
delivery-baa7472/round-1-feature/interrupted/delivered/apps/web/src/work-items.tsx	examples/foundation/.proof/delivery-baa7472/round-1-feature/interrupted/delivered/apps/web/src/work-items.tsx	6033	7ec61a361e5cc4a9c001eed4a7f3530215829d6f1e6c446110167c64b41c33a8	6033	7ec61a361e5cc4a9c001eed4a7f3530215829d6f1e6c446110167c64b41c33a8	false	[]
delivery-baa7472/round-1-feature/interrupted/delivered/apps/web/tsconfig.json	examples/foundation/.proof/delivery-baa7472/round-1-feature/interrupted/delivered/apps/web/tsconfig.json	167	5e0bda48b8b922b60fd2156cd7b2ae77be6501767a0addb9daf2d2b7d6354e25	167	5e0bda48b8b922b60fd2156cd7b2ae77be6501767a0addb9daf2d2b7d6354e25	false	[]
delivery-baa7472/round-1-feature/interrupted/delivered/apps/web/vite.config.ts	examples/foundation/.proof/delivery-baa7472/round-1-feature/interrupted/delivered/apps/web/vite.config.ts	186	c536b6cd2d08f8c39877d1fffeba7feed91a23f288582a98547f294ab4c609d1	186	c536b6cd2d08f8c39877d1fffeba7feed91a23f288582a98547f294ab4c609d1	false	[]
delivery-baa7472/round-1-feature/interrupted/delivered/bun.lock	examples/foundation/.proof/delivery-baa7472/round-1-feature/interrupted/delivered/bun.lock	171715	1ed2f09c0b4b4dbd5864f39dbde996958ea6cf2f17bfb33cef64586236d78034	171715	1ed2f09c0b4b4dbd5864f39dbde996958ea6cf2f17bfb33cef64586236d78034	false	[]
delivery-baa7472/round-1-feature/interrupted/delivered/eslint.config.mjs	examples/foundation/.proof/delivery-baa7472/round-1-feature/interrupted/delivered/eslint.config.mjs	56	ffe4ebb5a5c522749f8242d2e16ad3bb46a241e862684891301e831f912cba08	56	ffe4ebb5a5c522749f8242d2e16ad3bb46a241e862684891301e831f912cba08	false	[]
delivery-baa7472/round-1-feature/interrupted/delivered/lint-staged.config.mjs	examples/foundation/.proof/delivery-baa7472/round-1-feature/interrupted/delivered/lint-staged.config.mjs	142	1ea541668de294085bd4e9446eacd5d0325a8c55b27704fd111b0d8eda7bfd9b	142	1ea541668de294085bd4e9446eacd5d0325a8c55b27704fd111b0d8eda7bfd9b	false	[]
delivery-baa7472/round-1-feature/interrupted/delivered/package.json	examples/foundation/.proof/delivery-baa7472/round-1-feature/interrupted/delivered/package.json	2113	1018ee29a090f5a24e3262daa41cba8dc54184594bc4b682838eb4811a7cb628	2113	1018ee29a090f5a24e3262daa41cba8dc54184594bc4b682838eb4811a7cb628	false	[]
delivery-baa7472/round-1-feature/interrupted/delivered/packages/backend/.env.example	examples/foundation/.proof/delivery-baa7472/round-1-feature/interrupted/delivered/packages/backend/.env.example	200	b8ae67eee31602ab2897a2ff95082c6bd88181efc7a4fb3bbdd4e90fb6f708f8	200	b8ae67eee31602ab2897a2ff95082c6bd88181efc7a4fb3bbdd4e90fb6f708f8	false	[]
delivery-baa7472/round-1-feature/interrupted/delivered/packages/backend/.gitignore	examples/foundation/.proof/delivery-baa7472/round-1-feature/interrupted/delivered/packages/backend/.gitignore	12	c1be9a7b83075864153509fa626722510fd2507fe18e4548a4a89e11023048ea	12	c1be9a7b83075864153509fa626722510fd2507fe18e4548a4a89e11023048ea	false	[]
delivery-baa7472/round-1-feature/interrupted/delivered/packages/backend/convex/_generated/api.ts	examples/foundation/.proof/delivery-baa7472/round-1-feature/interrupted/delivered/packages/backend/convex/_generated/api.ts	1400	b51f59d5f03959d7978ef51ce4bb1918d5e966fcfd6c3510fe5847b65c11fbd2	1400	b51f59d5f03959d7978ef51ce4bb1918d5e966fcfd6c3510fe5847b65c11fbd2	false	[]
delivery-baa7472/round-1-feature/interrupted/delivered/packages/backend/convex/_generated/dataModel.ts	examples/foundation/.proof/delivery-baa7472/round-1-feature/interrupted/delivered/packages/backend/convex/_generated/dataModel.ts	1736	db177073d16a4393c7a96bcdc3a2a904e88c2432d54d138ca7715cc431982c17	1736	db177073d16a4393c7a96bcdc3a2a904e88c2432d54d138ca7715cc431982c17	false	[]
delivery-baa7472/round-1-feature/interrupted/delivered/packages/backend/convex/_generated/server.ts	examples/foundation/.proof/delivery-baa7472/round-1-feature/interrupted/delivered/packages/backend/convex/_generated/server.ts	6349	4ef510cd49241e28128a9a462daadaa9743c628f3df5c2a3fa4ad3c9af6b9cc4	6349	4ef510cd49241e28128a9a462daadaa9743c628f3df5c2a3fa4ad3c9af6b9cc4	false	[]
delivery-baa7472/round-1-feature/interrupted/delivered/packages/backend/convex/auth.config.ts	examples/foundation/.proof/delivery-baa7472/round-1-feature/interrupted/delivered/packages/backend/convex/auth.config.ts	2331	d6881c29a3b941cf0d2ad3e59d4eb26d4804c5731d5b09d4ff4035aa37edd123	2331	d6881c29a3b941cf0d2ad3e59d4eb26d4804c5731d5b09d4ff4035aa37edd123	false	[]
delivery-baa7472/round-1-feature/interrupted/delivered/packages/backend/convex/http.ts	examples/foundation/.proof/delivery-baa7472/round-1-feature/interrupted/delivered/packages/backend/convex/http.ts	5039	505a9476ace347334c949d5eadbf67a3ced2c84c1bee0a362652f387b99f2a12	5039	505a9476ace347334c949d5eadbf67a3ced2c84c1bee0a362652f387b99f2a12	false	[]
delivery-baa7472/round-1-feature/interrupted/delivered/packages/backend/convex/lib/identity.ts	examples/foundation/.proof/delivery-baa7472/round-1-feature/interrupted/delivered/packages/backend/convex/lib/identity.ts	1287	c07154240f019b4a4dafb1514ed4194c6e8479b9f69251c4d4d3c27252fe53da	1287	c07154240f019b4a4dafb1514ed4194c6e8479b9f69251c4d4d3c27252fe53da	false	[]
delivery-baa7472/round-1-feature/interrupted/delivered/packages/backend/convex/lib/mcp.ts	examples/foundation/.proof/delivery-baa7472/round-1-feature/interrupted/delivered/packages/backend/convex/lib/mcp.ts	4599	c5d6396b01551d057fa2cb63b175e6b5bb9c20cddcd06367a44cc1c301b11aae	4599	c5d6396b01551d057fa2cb63b175e6b5bb9c20cddcd06367a44cc1c301b11aae	false	[]
delivery-baa7472/round-1-feature/interrupted/delivered/packages/backend/convex/schema.ts	examples/foundation/.proof/delivery-baa7472/round-1-feature/interrupted/delivered/packages/backend/convex/schema.ts	296	dbb8465c66ac2b6b16cd4029797c4a9d2d618c6ebefbfb61820d24e780ea3298	296	dbb8465c66ac2b6b16cd4029797c4a9d2d618c6ebefbfb61820d24e780ea3298	false	[]
delivery-baa7472/round-1-feature/interrupted/delivered/packages/backend/convex/tsconfig.json	examples/foundation/.proof/delivery-baa7472/round-1-feature/interrupted/delivered/packages/backend/convex/tsconfig.json	223	94563947ccb3f355ca83a8bb6b85632d6d77a5de9864c973eabeb3dc6a3b68a0	223	94563947ccb3f355ca83a8bb6b85632d6d77a5de9864c973eabeb3dc6a3b68a0	false	[]
delivery-baa7472/round-1-feature/interrupted/delivered/packages/backend/convex/workItems.ts	examples/foundation/.proof/delivery-baa7472/round-1-feature/interrupted/delivered/packages/backend/convex/workItems.ts	2394	091b683e3f92d4412cd04b8ea2dc2b86729eeb8e21cf32a903f76393087a0963	2394	091b683e3f92d4412cd04b8ea2dc2b86729eeb8e21cf32a903f76393087a0963	false	[]
delivery-baa7472/round-1-feature/interrupted/delivered/packages/backend/convex.json	examples/foundation/.proof/delivery-baa7472/round-1-feature/interrupted/delivered/packages/backend/convex.json	135	fa3e766ef4d424da2f57361dca5369f073981fac42dd0a4e4641d8867faf51f3	135	fa3e766ef4d424da2f57361dca5369f073981fac42dd0a4e4641d8867faf51f3	false	[]
delivery-baa7472/round-1-feature/interrupted/delivered/packages/backend/package.json	examples/foundation/.proof/delivery-baa7472/round-1-feature/interrupted/delivered/packages/backend/package.json	580	31b5657d4efecc5dfa7ba55e3d1b88a366950649e1b40e407808888a7c40b655	580	31b5657d4efecc5dfa7ba55e3d1b88a366950649e1b40e407808888a7c40b655	false	[]
delivery-baa7472/round-1-feature/interrupted/delivered/packages/backend/tsconfig.json	examples/foundation/.proof/delivery-baa7472/round-1-feature/interrupted/delivered/packages/backend/tsconfig.json	128	4fd3e7337d33f357829d7bb17c24e8c46c5bed068caac3035f7703320a8a5f27	128	4fd3e7337d33f357829d7bb17c24e8c46c5bed068caac3035f7703320a8a5f27	false	[]
delivery-baa7472/round-1-feature/interrupted/delivered/packages/config/eslint.mjs	examples/foundation/.proof/delivery-baa7472/round-1-feature/interrupted/delivered/packages/config/eslint.mjs	6543	37ab4a3ca105bb08cea6e4c78c94c5994114a1212b73a322975fea90df0a7bbf	6543	37ab4a3ca105bb08cea6e4c78c94c5994114a1212b73a322975fea90df0a7bbf	false	[]
delivery-baa7472/round-1-feature/interrupted/delivered/packages/config/package.json	examples/foundation/.proof/delivery-baa7472/round-1-feature/interrupted/delivered/packages/config/package.json	226	a4f44539cae3b8097d700d6c2103b1789695a95cb7212d1725c0c7a4a8f10050	226	a4f44539cae3b8097d700d6c2103b1789695a95cb7212d1725c0c7a4a8f10050	false	[]
delivery-baa7472/round-1-feature/interrupted/delivered/packages/config/typescript.json	examples/foundation/.proof/delivery-baa7472/round-1-feature/interrupted/delivered/packages/config/typescript.json	479	c30e08e49e06495f66993ffc8d55d0e48e9f0ac28d1ed8a105b5fb5cdd97ef09	479	c30e08e49e06495f66993ffc8d55d0e48e9f0ac28d1ed8a105b5fb5cdd97ef09	false	[]
delivery-baa7472/round-1-feature/interrupted/delivered/packages/domain/package.json	examples/foundation/.proof/delivery-baa7472/round-1-feature/interrupted/delivered/packages/domain/package.json	259	6b38a411cf16da1daad0a07f6f0e5de738bd523b5d44525e58bc94f8bc13a8ac	259	6b38a411cf16da1daad0a07f6f0e5de738bd523b5d44525e58bc94f8bc13a8ac	false	[]
delivery-baa7472/round-1-feature/interrupted/delivered/packages/domain/src/index.ts	examples/foundation/.proof/delivery-baa7472/round-1-feature/interrupted/delivered/packages/domain/src/index.ts	650	5b1e707a9bdab248b40f1414a646c96d3d2fc9651b363bee3d6c1d657d200479	650	5b1e707a9bdab248b40f1414a646c96d3d2fc9651b363bee3d6c1d657d200479	false	[]
delivery-baa7472/round-1-feature/interrupted/delivered/packages/domain/tsconfig.json	examples/foundation/.proof/delivery-baa7472/round-1-feature/interrupted/delivered/packages/domain/tsconfig.json	72	9f05a0b0992a69d35ccfd30a7341d9c36fc7eaefb1634d54d6a92030ab4906a4	72	9f05a0b0992a69d35ccfd30a7341d9c36fc7eaefb1634d54d6a92030ab4906a4	false	[]
delivery-baa7472/round-1-feature/interrupted/delivered/packages/ui/.storybook/main.ts	examples/foundation/.proof/delivery-baa7472/round-1-feature/interrupted/delivered/packages/ui/.storybook/main.ts	370	5e7138e85e2d936a889a4d9fc83a60343a58adc8ac1378253af4f34de94ca452	370	5e7138e85e2d936a889a4d9fc83a60343a58adc8ac1378253af4f34de94ca452	false	[]
delivery-baa7472/round-1-feature/interrupted/delivered/packages/ui/package.json	examples/foundation/.proof/delivery-baa7472/round-1-feature/interrupted/delivered/packages/ui/package.json	571	7d0dacda9d20b8cb71adaf6c7fb60d01c081db8d7121ca2a97ea275785b9dd01	571	7d0dacda9d20b8cb71adaf6c7fb60d01c081db8d7121ca2a97ea275785b9dd01	false	[]
delivery-baa7472/round-1-feature/interrupted/delivered/packages/ui/src/WorkItemList.stories.tsx	examples/foundation/.proof/delivery-baa7472/round-1-feature/interrupted/delivered/packages/ui/src/WorkItemList.stories.tsx	835	1dee67d82ea987c646572e6aad354403e92513764fda882c76c93746a5f816c6	835	1dee67d82ea987c646572e6aad354403e92513764fda882c76c93746a5f816c6	false	[]
delivery-baa7472/round-1-feature/interrupted/delivered/packages/ui/src/index.tsx	examples/foundation/.proof/delivery-baa7472/round-1-feature/interrupted/delivered/packages/ui/src/index.tsx	2843	482517b2f2e77d1e7f4cdf3437dc171d989db1e6dae2bd2a21555f25e29e392c	2843	482517b2f2e77d1e7f4cdf3437dc171d989db1e6dae2bd2a21555f25e29e392c	false	[]
delivery-baa7472/round-1-feature/interrupted/delivered/packages/ui/src/styles.css	examples/foundation/.proof/delivery-baa7472/round-1-feature/interrupted/delivered/packages/ui/src/styles.css	3723	ca2eee3281dc72525d1b850e97f56253d45ad269b47fa99c353d29bc60f26e61	3723	ca2eee3281dc72525d1b850e97f56253d45ad269b47fa99c353d29bc60f26e61	false	[]
delivery-baa7472/round-1-feature/interrupted/delivered/packages/ui/src/styles.d.ts	examples/foundation/.proof/delivery-baa7472/round-1-feature/interrupted/delivered/packages/ui/src/styles.d.ts	24	da5bf71d48cf909584a01c80b445f730507068f5b34c920f352e2bfcf0315e4c	24	da5bf71d48cf909584a01c80b445f730507068f5b34c920f352e2bfcf0315e4c	false	[]
delivery-baa7472/round-1-feature/interrupted/delivered/packages/ui/tsconfig.json	examples/foundation/.proof/delivery-baa7472/round-1-feature/interrupted/delivered/packages/ui/tsconfig.json	181	d196a02fc942af46994f25a0e87b7cb14782e9412148b0a3e356887e615a8265	181	d196a02fc942af46994f25a0e87b7cb14782e9412148b0a3e356887e615a8265	false	[]
delivery-baa7472/round-1-feature/interrupted/delivered/scripts/check.ts	examples/foundation/.proof/delivery-baa7472/round-1-feature/interrupted/delivered/scripts/check.ts	4480	9c3cd5de3158b763735ec46563ed24aeecd6d516505e48f18750882e0c02ac68	4480	9c3cd5de3158b763735ec46563ed24aeecd6d516505e48f18750882e0c02ac68	false	[]
delivery-baa7472/round-1-feature/interrupted/delivered/scripts/embed-ui.ts	examples/foundation/.proof/delivery-baa7472/round-1-feature/interrupted/delivered/scripts/embed-ui.ts	572	8d56596ecc114a462c188bbecb4fbb8e61443bf2bbac8c1939dfc1a841b17e9b	572	8d56596ecc114a462c188bbecb4fbb8e61443bf2bbac8c1939dfc1a841b17e9b	false	[]
delivery-baa7472/round-1-feature/interrupted/delivered/scripts/enforcement.ts	examples/foundation/.proof/delivery-baa7472/round-1-feature/interrupted/delivered/scripts/enforcement.ts	5942	87cf27f64208be19c709ca571abaa5264bd692aa2b755a58906dc5580bd96ce5	5942	87cf27f64208be19c709ca571abaa5264bd692aa2b755a58906dc5580bd96ce5	false	[]
delivery-baa7472/round-1-feature/interrupted/delivered/scripts/http-transport.ts	examples/foundation/.proof/delivery-baa7472/round-1-feature/interrupted/delivered/scripts/http-transport.ts	1383	85ef0e5caad04b0f014acb7471208eea113f29bcaadce0a2d9a13a27a4851289	1383	85ef0e5caad04b0f014acb7471208eea113f29bcaadce0a2d9a13a27a4851289	false	[]
delivery-baa7472/round-1-feature/interrupted/delivered/scripts/mcp-host-browser.ts	examples/foundation/.proof/delivery-baa7472/round-1-feature/interrupted/delivered/scripts/mcp-host-browser.ts	7093	686bef7d89f8198b86cee7a1d8b41407fbde7cb5e71e86f35cd0553484a6a03e	7093	686bef7d89f8198b86cee7a1d8b41407fbde7cb5e71e86f35cd0553484a6a03e	false	[]
delivery-baa7472/round-1-feature/interrupted/delivered/scripts/mcp-host.ts	examples/foundation/.proof/delivery-baa7472/round-1-feature/interrupted/delivered/scripts/mcp-host.ts	2887	b2c39ff8cd5fb42cd26b6410c38112a6588a15cd0b56b69c1febd582793f021f	2887	b2c39ff8cd5fb42cd26b6410c38112a6588a15cd0b56b69c1febd582793f021f	false	[]
delivery-baa7472/round-1-feature/interrupted/delivered/scripts/prepare-check.ts	examples/foundation/.proof/delivery-baa7472/round-1-feature/interrupted/delivered/scripts/prepare-check.ts	406	347f97d470d664397c7a3b0258fb5885858b4fb4e6c43b89e248432a8c1457ff	406	347f97d470d664397c7a3b0258fb5885858b4fb4e6c43b89e248432a8c1457ff	false	[]
delivery-baa7472/round-1-feature/interrupted/delivered/scripts/readiness.ts	examples/foundation/.proof/delivery-baa7472/round-1-feature/interrupted/delivered/scripts/readiness.ts	33475	92a015976748e921607496daf54c9bb008944c2714bf0a14f4a2f1dcf50ad941	33475	92a015976748e921607496daf54c9bb008944c2714bf0a14f4a2f1dcf50ad941	false	[]
delivery-baa7472/round-1-feature/interrupted/delivered/scripts/runtime.ts	examples/foundation/.proof/delivery-baa7472/round-1-feature/interrupted/delivered/scripts/runtime.ts	13005	9bb77dd268df011cdd9aa0dab8fb505ea90e1300483f50ed032411a55c12c05d	13005	9bb77dd268df011cdd9aa0dab8fb505ea90e1300483f50ed032411a55c12c05d	false	[]
delivery-baa7472/round-1-feature/interrupted/delivered/scripts/source-identity.ts	examples/foundation/.proof/delivery-baa7472/round-1-feature/interrupted/delivered/scripts/source-identity.ts	1504	636670cddade1b22b13e97fb92c1354981d19e73f94eb7df80912432e532d8c5	1504	636670cddade1b22b13e97fb92c1354981d19e73f94eb7df80912432e532d8c5	false	[]
delivery-baa7472/round-1-feature/interrupted/delivered/scripts/trials.ts	examples/foundation/.proof/delivery-baa7472/round-1-feature/interrupted/delivered/scripts/trials.ts	33469	8879ba9d01f8b187bc170615ebadc67bbec64cce89208c6b03fb715a7d69977b	33469	8879ba9d01f8b187bc170615ebadc67bbec64cce89208c6b03fb715a7d69977b	false	[]
delivery-baa7472/round-1-feature/interrupted/delivered/tests/domain.test.ts	examples/foundation/.proof/delivery-baa7472/round-1-feature/interrupted/delivered/tests/domain.test.ts	720	1f944425bc0b6538246fd90b2b13d3ea87db0d9271befff106c68bc748d58dc7	720	1f944425bc0b6538246fd90b2b13d3ea87db0d9271befff106c68bc748d58dc7	false	[]
delivery-baa7472/round-1-feature/interrupted/delivered/tests/proof-policy.test.ts	examples/foundation/.proof/delivery-baa7472/round-1-feature/interrupted/delivered/tests/proof-policy.test.ts	5457	f7929b2412c13d440bea2b05f343bea7eddce61d88816b82c9243ebe4280c816	5457	f7929b2412c13d440bea2b05f343bea7eddce61d88816b82c9243ebe4280c816	false	[]
delivery-baa7472/round-1-feature/interrupted/delivered/tests/provenance.test.ts	examples/foundation/.proof/delivery-baa7472/round-1-feature/interrupted/delivered/tests/provenance.test.ts	1203	76c6aa2f61184341c5034633ee334d85c41ff08eef77fd2a0dc2e4ea131dd1b4	1203	76c6aa2f61184341c5034633ee334d85c41ff08eef77fd2a0dc2e4ea131dd1b4	false	[]
delivery-baa7472/round-1-feature/interrupted/delivered/tests/trials.test.ts	examples/foundation/.proof/delivery-baa7472/round-1-feature/interrupted/delivered/tests/trials.test.ts	6301	de54d906c9454b7c82975f341b4795979e221b4b28959030e1154a5b37bd098a	6301	de54d906c9454b7c82975f341b4795979e221b4b28959030e1154a5b37bd098a	false	[]
delivery-baa7472/round-1-feature/interrupted/delivered/tsconfig.json	examples/foundation/.proof/delivery-baa7472/round-1-feature/interrupted/delivered/tsconfig.json	255	4240a50aa7aac54aa69314488ca4ec20774566777d0ea914f03df46173f69ebd	255	4240a50aa7aac54aa69314488ca4ec20774566777d0ea914f03df46173f69ebd	false	[]
delivery-baa7472/round-1-feature/interrupted/delivered/turbo.json	examples/foundation/.proof/delivery-baa7472/round-1-feature/interrupted/delivered/turbo.json	655	448cad77683c89e74ad9ed77a55cdd262ab03f86c15a668d3257cd9d354d3e03	655	448cad77683c89e74ad9ed77a55cdd262ab03f86c15a668d3257cd9d354d3e03	false	[]
delivery-baa7472/round-1-feature/interrupted/delivered-files.json	examples/foundation/.proof/delivery-baa7472/round-1-feature/interrupted/delivered-files.json	8871	a1b1715add1f5681a6b1454c020c46121255e7002b5a005289b15ca195262926	8871	a1b1715add1f5681a6b1454c020c46121255e7002b5a005289b15ca195262926	false	[]
delivery-baa7472/rubric.md	examples/foundation/.proof/delivery-baa7472/rubric.md	2217	8aa129b3809a7e2da895c0d51fb16e3dac8194b2f57d59290974a41068ea6bdb	2217	8aa129b3809a7e2da895c0d51fb16e3dac8194b2f57d59290974a41068ea6bdb	false	[]
