archivePath	sourcePath	originalBytes	exportedBytes	originalSha256	exportedSha256	transformations
after/effective-eslint.json	.proof/domain-tsx-68ef7fb/after/effective-eslint.json	13521	13520	faad924c9c9e810fe5edc1eb7d8be544556b190e3183b8ad896e27cc585c52dc	83ccf4d77b3b037d12cb9e8e5e01e665ef78c3899f1bd577ff7fc19bfb9b79af	host-user-prefix
after/enforcement.log	.proof/domain-tsx-68ef7fb/after/enforcement.log	2882	2882	a663c413cd35f6107548df76ac425dc5f75a18b66c0cccd974c74732353ba3e2	a663c413cd35f6107548df76ac425dc5f75a18b66c0cccd974c74732353ba3e2	none
after/enforcement.ts	.proof/domain-tsx-68ef7fb/after/enforcement.ts	6469	6469	3fc4e5be2ec746b90101045f78d84654d46feb643232601379c34ad7537a6339	3fc4e5be2ec746b90101045f78d84654d46feb643232601379c34ad7537a6339	none
after/eslint.mjs	.proof/domain-tsx-68ef7fb/after/eslint.mjs	6549	6549	fd82bb218f742ce867784b3b889acd73339d5c661ef09b8df448d011c39994cf	fd82bb218f742ce867784b3b889acd73339d5c661ef09b8df448d011c39994cf	none
after/format.log	.proof/domain-tsx-68ef7fb/after/format.log	66	66	17aa973d3f004560237d9a95171210b0671deff23d61628eecf7322ff5938f20	17aa973d3f004560237d9a95171210b0671deff23d61628eecf7322ff5938f20	none
after/lint.log	.proof/domain-tsx-68ef7fb/after/lint.log	0	0	e3b0c44298fc1c149afbf4c8996fb92427ae41e4649b934ca495991b7852b855	e3b0c44298fc1c149afbf4c8996fb92427ae41e4649b934ca495991b7852b855	none
after/ownership.json	.proof/domain-tsx-68ef7fb/after/ownership.json	178	178	2ea5f13b502c029af07fc68a5c31f10482c9bbe9e6c5af8651222bf2e5abf11a	2ea5f13b502c029af07fc68a5c31f10482c9bbe9e6c5af8651222bf2e5abf11a	none
after/report.json	.proof/domain-tsx-68ef7fb/after/report.json	3127	3127	2238385de7461f3bd7e9f99641e8768c9b4169b10df85425714f6ae5590df2ed	2238385de7461f3bd7e9f99641e8768c9b4169b10df85425714f6ae5590df2ed	none
after/typecheck-domain.log	.proof/domain-tsx-68ef7fb/after/typecheck-domain.log	0	0	e3b0c44298fc1c149afbf4c8996fb92427ae41e4649b934ca495991b7852b855	e3b0c44298fc1c149afbf4c8996fb92427ae41e4649b934ca495991b7852b855	none
after/typecheck-scripts.log	.proof/domain-tsx-68ef7fb/after/typecheck-scripts.log	0	0	e3b0c44298fc1c149afbf4c8996fb92427ae41e4649b934ca495991b7852b855	e3b0c44298fc1c149afbf4c8996fb92427ae41e4649b934ca495991b7852b855	none
base-revision.txt	.proof/domain-tsx-68ef7fb/base-revision.txt	41	41	eb0f64825eb76d378388fa34aa92efb6dddd088582e2097e9e0ddb2bd0555ae6	eb0f64825eb76d378388fa34aa92efb6dddd088582e2097e9e0ddb2bd0555ae6	none
before-policy/effective-eslint.json	.proof/domain-tsx-68ef7fb/before-policy/effective-eslint.json	13279	13278	6c228f1b36d629e3798b8ba0eda3367e547d49e35269ce64b262c2eb9ffd4b76	38f69cdf3e3a50dadfb317226f6249f5c68463f0b7c7af7c574f61a76604b5c9	host-user-prefix
before-policy/enforcement.log	.proof/domain-tsx-68ef7fb/before-policy/enforcement.log	436	435	bfaa0b46cfc64e8a0394f51ed930463f8cc8ea3b8d77945f571d93aae0a4d4b9	9c807820fe0fcef409a4af0d08f86cf690dc55ba1ded549fce5b8977d1b36407	host-user-prefix
before-policy/enforcement.ts	.proof/domain-tsx-68ef7fb/before-policy/enforcement.ts	6469	6469	3fc4e5be2ec746b90101045f78d84654d46feb643232601379c34ad7537a6339	3fc4e5be2ec746b90101045f78d84654d46feb643232601379c34ad7537a6339	none
before-policy/eslint.mjs	.proof/domain-tsx-68ef7fb/before-policy/eslint.mjs	6543	6543	37ab4a3ca105bb08cea6e4c78c94c5994114a1212b73a322975fea90df0a7bbf	37ab4a3ca105bb08cea6e4c78c94c5994114a1212b73a322975fea90df0a7bbf	none
before-policy/report.json	.proof/domain-tsx-68ef7fb/before-policy/report.json	2586	2586	e51241bcce8d5d9e16aedabd277910dce8e2c4feb2a78cf78fc2f0cac1bd630e	e51241bcce8d5d9e16aedabd277910dce8e2c4feb2a78cf78fc2f0cac1bd630e	none
before/enforcement.log	.proof/domain-tsx-68ef7fb/before/enforcement.log	722	720	158db12689e513b94b32812513e976506bd6c59a1a78fdab50d7c0692f0c6843	63050b182b7ef9fa741cecaeae43a66d3192481fac0f28eff0581a39af13fc1d	host-user-prefix
before/enforcement.ts	.proof/domain-tsx-68ef7fb/before/enforcement.ts	6469	6469	430f945979a9865e0fc9daceac23f725b9314bc6b316c6db772f96161dfaf4af	430f945979a9865e0fc9daceac23f725b9314bc6b316c6db772f96161dfaf4af	none
before/eslint.mjs	.proof/domain-tsx-68ef7fb/before/eslint.mjs	6543	6543	37ab4a3ca105bb08cea6e4c78c94c5994114a1212b73a322975fea90df0a7bbf	37ab4a3ca105bb08cea6e4c78c94c5994114a1212b73a322975fea90df0a7bbf	none
before/report.json	.proof/domain-tsx-68ef7fb/before/report.json	2585	2585	fd2af8d9f538424553775b1aee1fe71852b8e82c01d61b1956b3b945063fa73d	fd2af8d9f538424553775b1aee1fe71852b8e82c01d61b1956b3b945063fa73d	none
check-ownership.ts	.proof/domain-tsx-68ef7fb/check-ownership.ts	1168	1168	28add0b216f28f93796b1c48a73a466e6a129ac065cd86974ac585a1e4ef4ffa	28add0b216f28f93796b1c48a73a466e6a129ac065cd86974ac585a1e4ef4ffa	none
file-hashes.txt	.proof/domain-tsx-68ef7fb/file-hashes.txt	460	460	d435e023c211959b8d7ec9b5e15908e262ed59feeab63974bba28702501f2af9	d435e023c211959b8d7ec9b5e15908e262ed59feeab63974bba28702501f2af9	none
fix.patch	.proof/domain-tsx-68ef7fb/fix.patch	2190	2190	5795116c419f4f8473416caf004c0674232e9ef0bd409a29f7cc8a56aa2bbbc9	5795116c419f4f8473416caf004c0674232e9ef0bd409a29f7cc8a56aa2bbbc9	none
verification.json	.proof/domain-tsx-68ef7fb/verification.json	1261	1261	de7c0e29174eee7814d6e3c115703444cd741d6c772c0719ccecf86ce735f8b0	de7c0e29174eee7814d6e3c115703444cd741d6c772c0719ccecf86ce735f8b0	none
