path	sourceRelative	media	originalSha256	originalBytes	exportSha256	exportBytes	changed	transforms
enforcement/report.json	examples/foundation/.proof/enforcement/report.json	UTF-8	2238385de7461f3bd7e9f99641e8768c9b4169b10df85425714f6ae5590df2ed	3127	2238385de7461f3bd7e9f99641e8768c9b4169b10df85425714f6ae5590df2ed	3127	false	
host-styles-teardown-final/mcp-app-host.png	.proof/host-styles-teardown-final/mcp-app-host.png	PNG	30ea124aa8d32f7823034fd6ff36037400a03cdd92a79f61688c655cedbf469e	38353	30ea124aa8d32f7823034fd6ff36037400a03cdd92a79f61688c655cedbf469e	38353	false	
host-styles-teardown-final/mcp-host-observations.json	.proof/host-styles-teardown-final/mcp-host-observations.json	UTF-8	88c2f50ecc659020f26f5c9138cc8a5e94188da4324cb33b8bc6d537e0b858b0	1412	88c2f50ecc659020f26f5c9138cc8a5e94188da4324cb33b8bc6d537e0b858b0	1412	false	
host-styles-teardown-final/report.json	.proof/host-styles-teardown-final/report.json	UTF-8	652ed3149d813af252e3374b533ad17a3aa868896ca57019ecbdeaefd121bd3b	3152	652ed3149d813af252e3374b533ad17a3aa868896ca57019ecbdeaefd121bd3b	3152	false	
host-styles-teardown-final/runtime.log	.proof/host-styles-teardown-final/runtime.log	UTF-8	d32c86ab6d96db1d0c57274ce5437e076e2955163bfb16633e2440b14ad013aa	1883	d32c86ab6d96db1d0c57274ce5437e076e2955163bfb16633e2440b14ad013aa	1883	false	
host-styles-teardown-final/web-persisted.png	.proof/host-styles-teardown-final/web-persisted.png	PNG	7c3b43fae17bcf0d0cd072903266cd897bf8118c74d08334b7c9748fd217d563	30869	7c3b43fae17bcf0d0cd072903266cd897bf8118c74d08334b7c9748fd217d563	30869	false	
host-styles-teardown-first/mcp-app-host.png	.proof/host-styles-teardown-first/mcp-app-host.png	PNG	708d966d626cb97a87e03abb863fe5fddb0f1210e29b300e43a1f2e8e037efb6	38455	708d966d626cb97a87e03abb863fe5fddb0f1210e29b300e43a1f2e8e037efb6	38455	false	
host-styles-teardown-first/mcp-host-observations.json	.proof/host-styles-teardown-first/mcp-host-observations.json	UTF-8	236ed8754dd1e9ed7135bfa949e7c356cec0cbc575e7b7f682bec958d10ba160	1385	236ed8754dd1e9ed7135bfa949e7c356cec0cbc575e7b7f682bec958d10ba160	1385	false	
host-styles-teardown-first/report.json	.proof/host-styles-teardown-first/report.json	UTF-8	6dd90c53e02101369ed786c8a39d0d3b7d1151e58e7208cc9560f1ff53c27bfd	3152	6dd90c53e02101369ed786c8a39d0d3b7d1151e58e7208cc9560f1ff53c27bfd	3152	false	
host-styles-teardown-first/runtime.log	.proof/host-styles-teardown-first/runtime.log	UTF-8	9bdd59a8d5ceb409a1419cba648671cb8ff30f66f1f6ab38ca497219575bb9dd	1884	9bdd59a8d5ceb409a1419cba648671cb8ff30f66f1f6ab38ca497219575bb9dd	1884	false	
host-styles-teardown-first/web-persisted.png	.proof/host-styles-teardown-first/web-persisted.png	PNG	4f2d23db5d8732b724ffabb61e0fea447e020b3972da2c5066351a5dfb62d3c8	31042	4f2d23db5d8732b724ffabb61e0fea447e020b3972da2c5066351a5dfb62d3c8	31042	false	
integration-first/report.json	.proof/integration-first/report.json	UTF-8	2dd21e4f0d86ad06b92cd88228d6148b1735bd20ac959a8e24417f4ea973e22f	2500	2dd21e4f0d86ad06b92cd88228d6148b1735bd20ac959a8e24417f4ea973e22f	2500	false	
integration-first/runtime.log	.proof/integration-first/runtime.log	UTF-8	e8e2b435d6446bb8a91070122e56e7ed2a19685394e1f60b7610704999761640	1760	e8e2b435d6446bb8a91070122e56e7ed2a19685394e1f60b7610704999761640	1760	false	
integration-first/web-persisted.png	.proof/integration-first/web-persisted.png	PNG	822083bd62225cc4d87ae4a617c512de47b6eba78bb9a93470e200e85152530f	30684	822083bd62225cc4d87ae4a617c512de47b6eba78bb9a93470e200e85152530f	30684	false	
integration-second/mcp-app-host.png	.proof/integration-second/mcp-app-host.png	PNG	4fe86c43b655cf874198498f89259fda1d2379e26b4811b9c5155d2334485d03	32791	4fe86c43b655cf874198498f89259fda1d2379e26b4811b9c5155d2334485d03	32791	false	
integration-second/report.json	.proof/integration-second/report.json	UTF-8	986d2a8476e8a3a764b9b54c6d242a8c75d67fafa8ab8a57ea37dd2756df5fc7	2891	986d2a8476e8a3a764b9b54c6d242a8c75d67fafa8ab8a57ea37dd2756df5fc7	2891	false	
integration-second/runtime.log	.proof/integration-second/runtime.log	UTF-8	bc810e0b52b9158ba575035523d581a9efaaf241ec886a49883295102c3ad5a1	1760	bc810e0b52b9158ba575035523d581a9efaaf241ec886a49883295102c3ad5a1	1760	false	
integration-second/web-persisted.png	.proof/integration-second/web-persisted.png	PNG	50d6f80881345664b1898bc64319224e7df9e595926343ebadd87ab2a561d392	30549	50d6f80881345664b1898bc64319224e7df9e595926343ebadd87ab2a561d392	30549	false	
integration-status-roundtrip/mcp-app-host.png	.proof/integration-status-roundtrip/mcp-app-host.png	PNG	0f2e30c31f912a8e5e2226470c6849d678d4828c0a0f8f3440cbe4550931e113	33967	0f2e30c31f912a8e5e2226470c6849d678d4828c0a0f8f3440cbe4550931e113	33967	false	
integration-status-roundtrip/report.json	.proof/integration-status-roundtrip/report.json	UTF-8	5fa26819ae0674fb2a4d87bd3eecb0a2ef3152a8ea584ca22a68b7fae20987b0	3076	5fa26819ae0674fb2a4d87bd3eecb0a2ef3152a8ea584ca22a68b7fae20987b0	3076	false	
integration-status-roundtrip/runtime.log	.proof/integration-status-roundtrip/runtime.log	UTF-8	3a6cf96520192432266efdd30a20141f3ab4d3d4e69ad0ab49251598bfe044d7	1884	3a6cf96520192432266efdd30a20141f3ab4d3d4e69ad0ab49251598bfe044d7	1884	false	
integration-status-roundtrip/web-persisted.png	.proof/integration-status-roundtrip/web-persisted.png	PNG	3acbe5dbfd0afee83920e1cd44e7b974d50f78d48ccdbd7bb2bb8a137b7372de	31112	3acbe5dbfd0afee83920e1cd44e7b974d50f78d48ccdbd7bb2bb8a137b7372de	31112	false	
integration-strict-denials/mcp-app-host.png	.proof/integration-strict-denials/mcp-app-host.png	PNG	ee717ced86236d02063af89247138a455544315d863305cf78f940c55d3fa66d	34019	ee717ced86236d02063af89247138a455544315d863305cf78f940c55d3fa66d	34019	false	
integration-strict-denials/report.json	.proof/integration-strict-denials/report.json	UTF-8	fa37a1598e76722f0c933d1ceb22b994f780ae98c82bbe7ae91b0ed63ae52a77	3026	fa37a1598e76722f0c933d1ceb22b994f780ae98c82bbe7ae91b0ed63ae52a77	3026	false	
integration-strict-denials/runtime.log	.proof/integration-strict-denials/runtime.log	UTF-8	59184592aeb0cb2b7fa621de6ce1c8fcb3f9fe8840ad768c580c64a409272ec0	1884	59184592aeb0cb2b7fa621de6ce1c8fcb3f9fe8840ad768c580c64a409272ec0	1884	false	
integration-strict-denials/web-persisted.png	.proof/integration-strict-denials/web-persisted.png	PNG	dcecda5982c7333d269ea9d133ac9b865128822d68b4a3b59e6ee59a3e841a8d	31182	dcecda5982c7333d269ea9d133ac9b865128822d68b4a3b59e6ee59a3e841a8d	31182	false	
title-edit-missing-feature-control/mcp-app-host.png	.proof/title-edit-missing-feature-control/mcp-app-host.png	PNG	f0e38336e682d2c068e39daf63dcde2804b22259368d7c98a382cd48ca7e2cd4	34040	f0e38336e682d2c068e39daf63dcde2804b22259368d7c98a382cd48ca7e2cd4	34040	false	
title-edit-missing-feature-control/report.json	.proof/title-edit-missing-feature-control/report.json	UTF-8	8b9b9be805764823dd8ec8db01619df5f8515899f96da9395af8a92399a27bb9	2669	8b9b9be805764823dd8ec8db01619df5f8515899f96da9395af8a92399a27bb9	2669	false	
title-edit-missing-feature-control/runtime.log	.proof/title-edit-missing-feature-control/runtime.log	UTF-8	679cee0cd8df5e9a85ff9efd47899a4ddd702a64b79094144021fab876f62240	1976	679cee0cd8df5e9a85ff9efd47899a4ddd702a64b79094144021fab876f62240	1976	false	
title-edit-missing-feature-control/web-persisted.png	.proof/title-edit-missing-feature-control/web-persisted.png	PNG	44bc5b3534a5ffefe7faf0e214216aab6eb8faa62aa59591a20c37328f0439cc	31195	44bc5b3534a5ffefe7faf0e214216aab6eb8faa62aa59591a20c37328f0439cc	31195	false	
